ID відповіді,Чи повністю заповнене,Остання сторінка,Дата початку,Дата останньої дії,Чи згодні Ви взяти участь в опитуванні?,Чи виповнилося Вам 18 років?,"Чи брали Ви участь хоча б один раз у протестах, що почалися 16 липня після того, як Михайла Федорова не було повторно призначено міністром оборони?",Ваша стать:,Скільки Вам повних років?,В якій області Ви зараз проживаєте?,Що найкраще описує рід Вашої діяльності зараз? [Навчаюсь у школі],Що найкраще описує рід Вашої діяльності зараз? [Навчаюсь у ПТУ/коледжі/училищі],Що найкраще описує рід Вашої діяльності зараз? [Навчаюсь у закладі вищої освіти (студент/курсант/аспірант)],Що найкраще описує рід Вашої діяльності зараз? [Перебуваю у ЗСУ],Що найкраще описує рід Вашої діяльності зараз? [Працюю],Що найкраще описує рід Вашої діяльності зараз? [У декреті або піклуюсь про дитину/інших осіб],Що найкраще описує рід Вашої діяльності зараз? [На пенсії],"Що найкраще описує рід Вашої діяльності зараз? [Не працюю (не маю оплачуваної роботи, не в декреті, не на пенсії, не навчаюсь)]",Що найкраще описує рід Вашої діяльності зараз? [Інше],У якому місті (яких містах) Ви виходили на протест?,Які з цих обставин найбільше посприяли Вашому рішенню вийти на мітинг? [Мене покликали родичі/друзі/знайомі],"Які з цих обставин найбільше посприяли Вашому рішенню вийти на мітинг? [Побачив(-ла) дописи або повідомлення від людей, яких я знаю особисто, у соцмережах]","Які з цих обставин найбільше посприяли Вашому рішенню вийти на мітинг? [Побачив(-ла) заклик від медіа, блогерів або в тематичних протестних спільнотах, на які я підписаний(-а)]","Які з цих обставин найбільше посприяли Вашому рішенню вийти на мітинг? [Приєднався(-лась) до організованої групи, до якої належу (студентська спільнота, громадська організація тощо)]",Які з цих обставин найбільше посприяли Вашому рішенню вийти на мітинг? [Опинився(-лась) поруч і вирішив(-ла) приєднатися],"Які з цих обставин найбільше посприяли Вашому рішенню вийти на мітинг? [Приклад родичів/друзів/знайомих, які виходили раніше]",Які з цих обставин найбільше посприяли Вашому рішенню вийти на мітинг? [Інше],"Звідки Ви, головним чином, дізнавались про дату, час і місце зібрань? [З груп/каналів/чатів у соцмережах/месенджерах, присвячених протесту]","Звідки Ви, головним чином, дізнавались про дату, час і місце зібрань? [Випадково натрапив(-ла) на інформацію у стрічці соцмереж або в месенджерах]","Звідки Ви, головним чином, дізнавались про дату, час і місце зібрань? [Через новини (новинні сайти, ТБ, друковані медіа, YouTube-канали медіа, новинні Telegram канали тощо)]","Звідки Ви, головним чином, дізнавались про дату, час і місце зібрань? [Від знайомих/друзів/членів сім’ї/колег]","Звідки Ви, головним чином, дізнавались про дату, час і місце зібрань? [Інше]",Як би Ви сформулювали мету своєї участі в цих зібраннях?,"Чи виходили Ви на протести після того, як Михайло Драпатий замінив Олександра Сирського на посаді головнокомандувача ЗСУ?",А чи плануєте Ви у найближчий тиждень виходити на протести?,"Якщо Михайла Федорова призначать міністром оборони, чи продовжите Ви виходити на протести у найближчий тиждень після цього?","Припустимо, міністром оборони стане не Федоров, а інша людина, яка публічно зобов'яжеться продовжувати розпочаті ним реформи. Чи продовжите Ви виходити на протести у найближчий тиждень після цього?",Наскільки Ви довіряєте... [Володимиру Зеленському],Наскільки Ви довіряєте... [Михайлу Федорову],Наскільки Ви довіряєте... [Олександру Сирському],Наскільки Ви довіряєте... [Михайлу Драпатому],Наскільки Ви довіряєте... [Ігорю Клименку],Наскільки Ви довіряєте... [Євгенію Хмарі],Яким українським політичним діячам Ви довіряєте найбільше?,"У політиці люди часто говорять про ""лівих"" та ""правих"". Де б Ви розташували себе на цій шкалі, якщо 0 означає ""Ліві"", а 10 означає ""Праві""?","Наскільки Ви погоджуєтесь або не погоджуєтесь із твердженням: ""Слухняність і повага до влади – це найважливіші цінності, які повинні засвоїти діти""?","Наскільки для Вас прийнятно, щоб в Україні був сильний лідер, який стоїть над законом?","Чи брали Ви участь в акціях протесту проти закону №12414, котрий обмежував повноваження НАБУ та САП, хоча б один раз протягом 22-31 липня 2025 року?"
1,Так,10,2026-07-23 20:42:13,2026-07-23 20:57:51,Так,Так,Так,Чоловіча,30,м. Київ,Ні,Ні,Ні,Ні,Так,Ні,Ні,Ні,,Київ,Ні,Ні,Так,Ні,Ні,Ні,,Так,Ні,Ні,Ні,,Спонукання держави до раціональних дій і діалогу з громадянами,Так,Скоріше так,Точно ні,Важко відповісти,3,6,3,5,2,5,"Федоров, Железняк, Притула",7,Не погоджуюсь,2,Так
2,Так,10,2026-07-23 20:42:38,2026-07-23 20:46:35,Так,Так,Так,Жіноча,22,м. Київ,Ні,Ні,Ні,Ні,Ні,Ні,Ні,Так,,Київ,Ні,Ні,Так,Ні,Ні,Так,,Так,Так,Ні,Ні,,Продемонструвати небайдужість українського суспільства до подекуди свавільних дій влади. З нами треба рахуватися,Ні,Скоріше так,Точно ні,Скоріше так,Важко сказати,6,2,7 - Повністю довіряю,3,6,"Стерненко, Совсун, Железняк",1,Зовсім не погоджуюсь,0 - Зовсім неприйнятно,Так
3,Ні,5,2026-07-23 20:42:57,2026-07-23 20:44:19,Так,Так,Так,Чоловіча,18,м. Київ,Ні,Ні,Так,Ні,Так,Ні,Ні,Ні,,Київ,Ні,Ні,Ні,Так,Ні,Ні,,Так,Ні,Ні,Ні,,,,,,,,,,,,,,,,,
4,Так,10,2026-07-23 20:45:21,2026-07-23 20:49:57,Так,Так,Так,Жіноча,20,м. Київ,Ні,Ні,Так,Ні,Ні,Ні,Ні,Ні,,Київ,Ні,Ні,Так,Так,Ні,Ні,,Так,Ні,Так,Ні,,"Підтримати протести з вимогами повернення Федорова міністром оборони, та звільнення Сирського з посади головнокомандувача  ЗСУ",Ні,Скоріше так,Точно ні,Скоріше так,2,6,1 - Зовсім не довіряю,7 - Повністю довіряю,4,4,"Федоров, Драпатий, Железняк",7,Не погоджуюсь,8,Ні
5,Так,10,2026-07-23 20:47:37,2026-07-23 21:07:07,Так,Так,Так,Жіноча,20,Київська,Ні,Ні,Так,Ні,Так,Ні,Ні,Ні,,Київ,Ні,Ні,Так,Ні,Ні,Ні,"Побачила СВАВІЛЛЯ, яке відбувається в країні",Ні,Ні,Так,Ні,,Показати владі шо ми не схаваєм. Домогтися відставки сирського та призначення Федорова мо.,Ні,Скоріше так,Скоріше ні,Важко відповісти,3,5,1 - Зовсім не довіряю,4,"Не знаю, хто це",4,"Наразі - федоров, буданов, ще декілька прізвища яких не пам'ятаю",5,Зовсім не погоджуюсь,0 - Зовсім неприйнятно,Так
6,Так,10,2026-07-23 20:48:08,2026-07-23 20:59:07,Так,Так,Так,Жіноча,24,м. Київ,Ні,Ні,Ні,Ні,Так,Ні,Ні,Ні,,Київ,Ні,Ні,Ні,Ні,Ні,Ні,Вирішила сама піти після відповідних безвідповідальних рішень президента. Не треба були навіть заклики блогерів і тд.,Так,Ні,Так,Ні,,"Зміну безвідповідальної та нарцисичної системи функціонування влади. Фігура Федорова для мене далеко не ідеальна, але враховуючи що він почав давати хоч якісь результати і боротися з корупцією - його звільнення стало тригером. Відповідно повернення федорова в міноборони і зміну Сирського на Драпатова (Done)",Ні,Безумовно так,Безумовно так,Безумовно так,1 - Зовсім не довіряю,4,1 - Зовсім не довіряю,6,1 - Зовсім не довіряю,3,"Залужний, Драпатий, Порошенко",5,Зовсім не погоджуюсь,2,Так
7,Так,10,2026-07-23 20:49:02,2026-07-23 20:52:34,Так,Так,Так,Жіноча,21,Тернопільська,Ні,Ні,Ні,Ні,Так,Ні,Ні,Ні,,Тернопіль,Ні,Ні,Так,Ні,Ні,Так,,Ні,Так,Ні,Ні,,збільшити масовість,Ні,Скоріше так,Точно ні,Скоріше ні,6,7 - Повністю довіряю,3,Важко сказати,Важко сказати,Важко сказати,Федоров,4,Не погоджуюсь,4,Ні
8,Так,10,2026-07-23 20:52:29,2026-07-23 21:04:56,Так,Так,Так,Чоловіча,22,м. Київ,Ні,Ні,Ні,Ні,Так,Ні,Ні,Ні,,Київ,Ні,Так,Ні,Так,Ні,Ні,,Так,Ні,Ні,Так,,"Представляти голос своїх знайомих, родичів у ЗСУ або на держслужбі, які не мають права/змоги/сил висловитись проти репресій військових, слабкий рівень організації та гнучкості зі сторони командування для професійного зростання на службі та/або визнання їх заслуг",Ні,Безумовно так,Точно ні,Безумовно так,1 - Зовсім не довіряю,7 - Повністю довіряю,1 - Зовсім не довіряю,6,"Не знаю, хто це",Важко сказати,"Берлінській, Федорову, Кислиці, Портникову, Смєтаніну",4,Зовсім не погоджуюсь,3,Ні
9,Так,10,2026-07-23 20:52:55,2026-07-23 21:02:19,Так,Так,Так,Чоловіча,21,м. Київ,Ні,Ні,Ні,Ні,Так,Ні,Ні,Ні,,м. Київ,Ні,Так,Так,Ні,Ні,Ні,,Так,Ні,Ні,Ні,,"Мета - добитися повернення Михайла Федорова на посаду міністра оборони, аби боротьба з корупцією та армійські реформи продовжувалися й далі.

Після 1 дня, коли в мережі з'явилося більше інформації про Сирського, то також метою стала його відставка, аби дозволити продовження армійських реформ та недопущення подальшого тиску на військових, абі ті не боялися виражати свою думку",Так,Безумовно так,Скоріше ні,Безумовно так,3,6,2,6,3,4,Жодним.,3,Зовсім не погоджуюсь,0 - Зовсім неприйнятно,Так
10,Так,10,2026-07-23 21:02:51,2026-07-23 21:09:00,Так,Так,Так,Чоловіча,20,Київська,Ні,Ні,Так,Ні,Так,Ні,Ні,Ні,,Київ,Ні,Ні,Так,Ні,Ні,Ні,Після оголошення новин вирішив сам піти,Ні,Ні,Так,Ні,,"Моя мета - домогтися повернення Михайла Федорова на посаду міністра оборони України, відставка головнокомандувача Сирського(вже є), поставити в міністерство роботи з ветеранами - ветерана, а не Кіма.",Так,Безумовно так,Скоріше так,Безумовно так,2,7 - Повністю довіряю,2,7 - Повністю довіряю,2,5,"Федоров, Кривонос",4,"Наскільки погоджуюсь, настільки і не погоджуюсь",0 - Зовсім неприйнятно,Так
11,Так,10,2026-07-23 21:06:06,2026-07-23 21:14:02,Так,Так,Так,Чоловіча,18,м. Київ,Ні,Ні,Так,Ні,Ні,Ні,Ні,Ні,,Київ,Ні,Ні,Ні,Ні,Ні,Ні,Зкоординував протести в своєму університет,Так,Ні,Ні,Ні,,"Я поділяю вимоги які були суспільно проартикульовані, і вбачаю свою мету в координації мітингувальників-могилянців, комунікацію з правоохоронними органами заради безпеки самих мітингувальників і держави",Ні,Безумовно так,Точно ні,Скоріше так,4,7 - Повністю довіряю,1 - Зовсім не довіряю,7 - Повністю довіряю,5,5,Вище переліченим,7,Зовсім не погоджуюсь,10 - Цілком прийнятно,Так
12,Так,10,2026-07-23 21:18:30,2026-07-23 21:28:58,Так,Так,Так,Чоловіча,18,м. Київ,Ні,Ні,Так,Ні,Ні,Ні,Ні,Ні,,Київ,Ні,Ні,Так,Ні,Ні,Ні,Постійний учасник більшості протестів ще з початку липня 2025,Так,Ні,Ні,Ні,,"Повернення Федорова на посаду МО, Звільнення Сирського, пост міністра ветеранів- ветерану",Так,Безумовно так,Скоріше так,Безумовно так,3,7 - Повністю довіряю,1 - Зовсім не довіряю,7 - Повністю довіряю,2,5,"Федоров, Драпатий, Портніков,",7,Зовсім не погоджуюсь,0 - Зовсім неприйнятно,Так
13,Так,10,2026-07-23 21:21:46,2026-07-23 21:37:12,Так,Так,Так,Жіноча,18,м. Київ,Ні,Ні,Так,Ні,Так,Ні,Ні,Ні,,"м. Дніпро, м. Київ",Ні,Ні,Ні,Так,Ні,Так,,Так,Ні,Ні,Так,,"Я вважаю цінним показати керівникам держави те, що нею все ще керує народ, який має власні цінності та переконання, які часто не збігаються з думкою обмеженого кола осіб президента. Боротьба за залишення Федорова на посаді міністра це передовсім боротьба за надію на некорумповану армію, технологічне пришвидшення вирішення війни, справедливість. Одна з моїх особистих причин виходу на мітинг — долучитись до людей, що намагаються почути фідбек Президента. Мене особисто вражає в цьому конфлікті навіть не звільнення Федорова, а відсутність пояснень передумов і причин цього рішення. Я виходжу на мітинг аби ще раз підтвердити, що народ це суб'єкт, а не об'єкт, з якому не варто пояснювати дискусійні рішення.",Так,Безумовно так,Точно ні,Безумовно так,3,6,2,5,Важко сказати,4,"Федоров, Грищук, Стерненко, Качка, Драпатий",7,Зовсім не погоджуюсь,2,Так
14,Так,10,2026-07-23 21:26:03,2026-07-23 21:34:19,Так,Так,Так,Жіноча,25,Перебуваю за кордоном,Ні,Ні,Так,Ні,Ні,Ні,Ні,Ні,,Київ,Ні,Так,Ні,Так,Ні,Ні,,Так,Ні,Ні,Ні,,"Прагну підтримати високий рівень управління армією, продемонстрований під командою міністра оборони Федорова, а також посприяти виявленню волі військових, які в силу служби не можуть цього зробити. Також вважаю перестановки від 16 липня, зокрема відставку Михайла Федорова, особистим рішенням радше ніж зваженою кадровою зміною",Ні,Скоріше так,Скоріше ні,Скоріше так,4,5,4,5,2,"Не знаю, хто це",Кирило Буданов,2,Не погоджуюсь,0 - Зовсім неприйнятно,Так
15,Так,10,2026-07-23 21:30:34,2026-07-23 21:37:36,Так,Так,Так,Чоловіча,20,м. Київ,Ні,Ні,Так,Ні,Ні,Ні,Ні,Ні,,Київ,Так,Ні,Так,Ні,Ні,Ні,,Ні,Ні,Ні,Так,,"Відстояти якісні кадрові призначення та загалом державне управління, що має ґрунтуватися на даних, KPI, поставлених цілях тощо, а не на рейтингах чи інших політичних атрибутах",Ні,Скоріше так,Точно ні,Точно ні,1 - Зовсім не довіряю,5,1 - Зовсім не довіряю,6,2,5,"Совсун Інна Романівна, Железняк Ярослав Іванович",5,Не погоджуюсь,0 - Зовсім неприйнятно,Так
16,Так,10,2026-07-23 21:33:00,2026-07-23 21:45:12,Так,Так,Так,Чоловіча,22,м. Київ,Ні,Ні,Так,Ні,Ні,Ні,Ні,Ні,,м. Київ,Так,Ні,Ні,Ні,Ні,Так,,Ні,Ні,Так,Ні,,"Виступ за реформування МОУ, Збройних сил України та системи призову на військову службу; забезпечення Збройних сил України необхідним обладнанням, спорядженням і технологіями для продовження ефективного опору; призначення на посади відповідно до заслуг, результатів роботи, новаторських підходів, а не особистої відданості Президентові України",Ні,Скоріше так,Точно ні,Скоріше ні,4,5,3,4,2,3,,3,Не погоджуюсь,0 - Зовсім неприйнятно,Так
17,Так,10,2026-07-23 21:34:40,2026-07-23 21:42:21,Так,Так,Так,Жіноча,21,м. Київ,Ні,Ні,Так,Ні,Так,Ні,Ні,Ні,,Київ,Ні,Так,Так,Ні,Ні,Ні,,Ні,Так,Так,Ні,,"Сприяння Федорова на посаду МО та відставку Сирського. Великою мотивацією для мене є позиція мого брата - чинного військовослужбовця, який в міру несприятливих умов останній дещо перебуває в дещо деморалізованому стані, велика частка цих умов - неадекватне командування, в тому числі порядку вище бригади. Він дуже негативно зреагував на відставку Федорова та давно критикував Сирського. Також лаяв громадянське суспільство, за те що тил «забив на військових і усім байдуже». Тому для нього в тому числі дуже важливим мотивуючим фактором було побачити як цей самий тил не схавав, відповідно я брала і братиму участь для нього. Додатково маю власну мотивацію, сама хочу доєднатися до війська після завершення навчання і біла бі славна, якби трохи покращилось там із командуванням та закупівлями(з чим намагався щось робити Федоров)",Ні,Безумовно так,Скоріше так,Скоріше так,2,5,1 - Зовсім не довіряю,5,3,5,"Я їм не дуже довіряю загалом, є більш ефективні в моменті, але за ними теж треба слідкувати та не ідеалізувати",4,Зовсім не погоджуюсь,0 - Зовсім неприйнятно,Так
18,Так,10,2026-07-23 21:34:40,2026-07-23 21:38:08,Так,Так,Так,Чоловіча,23,м. Київ,Ні,Ні,Ні,Ні,Ні,Ні,Ні,Так,,Київ,Ні,Так,Ні,Ні,Ні,Ні,Я проти свавілля Зеленого Імператора,Так,Ні,Ні,Ні,,"Прибрати Сирського - повернути Федорова, перемогти росію",Так,Безумовно так,Скоріше так,Скоріше так,1 - Зовсім не довіряю,7 - Повністю довіряю,1 - Зовсім не довіряю,7 - Повністю довіряю,Важко сказати,Важко сказати,"Федоров, Драпатий, Кличко",7,Зовсім не погоджуюсь,8,Так
19,Так,10,2026-07-23 22:00:08,2026-07-23 22:17:32,Так,Так,Так,Чоловіча,21,м. Київ,Ні,Ні,Так,Ні,Ні,Ні,Ні,Ні,,Київ,Ні,Ні,Так,Так,Ні,Ні,,Так,Ні,Ні,Ні,,"Підтримка Фкдорова спершу, адже немає ніяких причин для відставки окрім корупції. Потім впродовж протесту дізнався про проблеми з Сирським і доповнив вимоги його відставкою.",Ні,Безумовно так,Важко відповісти,Важко відповісти,3,7 - Повністю довіряю,2,5,4,2,"Заслужений, Федоров, Железняк",4,Зовсім не погоджуюсь,0 - Зовсім неприйнятно,Так
20,Так,10,2026-07-23 22:32:34,2026-07-23 22:39:49,Так,Так,Так,Чоловіча,27,м. Київ,Ні,Ні,Ні,Ні,Так,Ні,Ні,Ні,,Київ,Ні,Ні,Так,Ні,Ні,Ні,,Так,Ні,Ні,Ні,,"Щоб влада почала нормально комунікувати свої дії. І якщо нема поважної причини не брати Федорова нахад на посаду МО, щоб його повернули на посаду, оскільки за короткий проміжок часу, він зміг показати свою ефективність.",Так,Безумовно так,Скоріше ні,Скоріше так,4,6,2,6,1 - Зовсім не довіряю,5,"Важко відповісти наразі, оскільки дуже багато інформації закрито.",4,Зовсім не погоджуюсь,0 - Зовсім неприйнятно,Так
21,Так,10,2026-07-24 00:14:48,2026-07-24 00:25:01,Так,Так,Так,Інше,26,м. Київ,Ні,Ні,Так,Ні,Ні,Ні,Ні,Ні,,Київ,Ні,Ні,Так,Ні,Ні,Так,,Так,Ні,Так,Так,,"Підтримати протестний рух, сили громадянського суспільства, що домагаються на різних рівнях (включаючи на рівні протестів) відновлення Федорова на посаді міністра оборони, а також відставки Сирського.",Так,Скоріше так,Точно ні,Важко відповісти,Важко сказати,7 - Повністю довіряю,2,7 - Повністю довіряю,5,7 - Повністю довіряю,"Сергій Притула, Інна Совсун",0 - Ліві,Зовсім не погоджуюсь,0 - Зовсім неприйнятно,Так
22,Так,10,2026-07-24 00:21:43,2026-07-24 00:37:39,Так,Так,Так,Чоловіча,19,м. Київ,Ні,Ні,Так,Ні,Ні,Ні,Ні,Ні,,Київ,Ні,Так,Так,Ні,Ні,Ні,,Так,Ні,Так,Ні,,"відставка сирського, антивладний виступ",Ні,Важко відповісти,Важко відповісти,Скоріше ні,2,4,2,4,3,4,,4,Не погоджуюсь,3,Так
23,Так,10,2026-07-24 02:29:05,2026-07-24 02:33:18,Так,Так,Так,Чоловіча,20,м. Київ,Ні,Ні,Так,Ні,Так,Ні,Ні,Ні,,Київ,Ні,Ні,Ні,Ні,Ні,Ні,Громадська позиція,Так,Ні,Ні,Ні,,Прийняти участь у значній події. Виказати свій протест. Вплинути на владу.,Ні,Безумовно так,Точно ні,Скоріше так,3,5,2,5,"Не знаю, хто це","Не знаю, хто це",,6,Зовсім не погоджуюсь,0 - Зовсім неприйнятно,Ні
24,Так,10,2026-07-24 07:19:54,2026-07-24 07:37:43,Так,Так,Так,Чоловіча,20,Волинська,Ні,Ні,Так,Ні,Ні,Ні,Ні,Ні,,Київ,Так,Ні,Ні,Так,Ні,Ні,,Так,Ні,Ні,Ні,,"Влада має відкрито пояснити реальні причини відставки Юлії Свириденко за проханням президента та наслідки, які ця відставка спричинила. Крім того, під час війни неприпустима невизначеність: нардепи повинні негайно зібратися на позачергове засідання і призначити очільників Міноборони та МЗС",Ні,Безумовно так,Важко відповісти,Точно ні,3,5,1 - Зовсім не довіряю,4,1 - Зовсім не довіряю,5,Дмитро Разумков,3,Не погоджуюсь,0 - Зовсім неприйнятно,Так
25,Так,10,2026-07-24 09:48:25,2026-07-24 09:51:57,Так,Так,Так,Жіноча,21,м. Київ,Ні,Ні,Так,Ні,Так,Ні,Ні,Ні,,Київ,Ні,Ні,Ні,Так,Ні,Так,,Так,Так,Ні,Так,,"Припинення кулуарних змін у системі, усе має бути аргументовано якісно та прозоро.",Так,Безумовно так,Скоріше так,Безумовно так,1 - Зовсім не довіряю,5,5,6,3,5,"Залужний, Порошенко",8,Зовсім не погоджуюсь,0 - Зовсім неприйнятно,Так
26,Так,10,2026-07-24 10:03:05,2026-07-24 10:09:22,Так,Так,Так,Чоловіча,21,м. Київ,Ні,Ні,Так,Ні,Так,Ні,Ні,Ні,,Київ,Ні,Так,Так,Ні,Ні,Ні,,Так,Ні,Ні,Ні,,Звільненню Федорова радіють тільки росіяни та проросійські шавки - більше аргументів не потрібно.,Так,Безумовно так,Точно ні,Безумовно так,1 - Зовсім не довіряю,7 - Повністю довіряю,1 - Зовсім не довіряю,7 - Повністю довіряю,1 - Зовсім не довіряю,2,"Федоров, Драпатий, Свириденко.",8,Зовсім не погоджуюсь,0 - Зовсім неприйнятно,Так
27,Ні,7,2026-07-24 10:03:55,2026-07-24 10:12:10,Так,Так,Так,Інше,27,м. Київ,Ні,Ні,Ні,Ні,Ні,Ні,Ні,Так,disability rights activist,Київ,Ні,Ні,Ні,Ні,Ні,Ні,"побачили інформацію від умовно незнайомих людей про дату і місце протестів, вирішили що це збігається з моїм світоглядом: нічий приклад або заклик не цікавив",Так,Ні,Ні,Ні,,"Відставка з посад людей, які системно чинили зло; залучення на посади фахових і компетентних людей; курс на цифровізацію та технології в армії та в усіх державних сферах замість застарілих підходів що не цінують людські життя; курс на протидію корупції та лобізму; підсилення голосів військових і ветеранів.",Так,Скоріше так,Важко відповісти,Важко відповісти,,,,,,,,,,,
28,Так,10,2026-07-24 10:13:57,2026-07-24 10:17:34,Так,Так,Так,Чоловіча,18,м. Київ,Ні,Ні,Так,Ні,Ні,Ні,Ні,Так,,Київ,Ні,Ні,Так,Так,Ні,Ні,,Так,Так,Ні,Ні,,"Продемонструвати небайдужість та підтримати усіх, хто вийшов.",Ні,Важко відповісти,Скоріше ні,Безумовно так,4,5,2,5,3,4,"Прокопенко, Федоров, Драпатий",3,"Наскільки погоджуюсь, настільки і не погоджуюсь",Важко сказати,Ні
29,Ні,7,2026-07-24 10:13:58,2026-07-24 10:21:22,Так,Так,Так,Жіноча,20,м. Київ,Ні,Ні,Так,Ні,Так,Ні,Ні,Ні,,Київ,Так,Так,Ні,Ні,Ні,Ні,,Так,Ні,Ні,Так,,"Припинення безпідставної відставки ефективних членів уряду. І на фоні додаткової інформації стосовно конфлікту з Сирським -- відновлення подальшої реформації процесів взаємодії мін оборони з армією, процесів всередині армії, а не перешкоджання їй",Ні,Важко відповісти,Точно ні,Скоріше ні,,,,,,,,,,,
30,Так,10,2026-07-24 10:14:15,2026-07-24 10:23:36,Так,Так,Так,Чоловіча,31,м. Київ,Ні,Ні,Ні,Ні,Так,Ні,Ні,Ні,,Київ,Ні,Ні,Так,Ні,Ні,Ні,,Так,Так,Ні,Так,,"Отримати обґрунтоване пояснення причини звільнення всього складу Кабінету Міністрів по кожному з міністрів у вигляді брифінгів від кожного звільненого ТА новопризначених міністрів; повернути Михайла Федорова на посаду міністра оборони України, бо у нас немає часу на те щоб новий міністр чи тво входили у курс справ щоб почати реальну роботу; відставка генерала Сирського (тут я чисто представляв думку своїх друзів-військових, яким я довіряю і яких я представляв на протестах, бо їм було заборонено приймати участь самостійно)",Так,Безумовно так,Точно ні,Скоріше так,2,6,2,5,3,5,"Роман Лозинський (голос), Дмитро Кулеба (колишній міністр МЗС), Михайло Федоров",Важко сказати,Важко сказати,3,Ні
31,Ні,5,2026-07-24 10:14:18,2026-07-24 10:16:12,Так,Так,Так,Жіноча,19,Київська,Ні,Ні,Так,Ні,Ні,Ні,Ні,Ні,,"Київ, Кривий Ріг",Ні,Ні,Ні,Так,Ні,Ні,Самі організовували:)),Так,Ні,Ні,Ні,,,,,,,,,,,,,,,,,
32,Так,10,2026-07-24 10:15:07,2026-07-24 10:21:07,Так,Так,Так,Чоловіча,19,Київська,Ні,Ні,Так,Ні,Ні,Ні,Ні,Ні,,Київ,Ні,Ні,Ні,Так,Ні,Ні,"Відчув, що рішення шкідливе",Так,Ні,Так,Ні,,Прояв громадської незгоди та допомога Президенту виправити помилки,Ні,Скоріше так,Скоріше ні,Скоріше так,5,6,1 - Зовсім не довіряю,6,4,5,Федорову,3,Зовсім не погоджуюсь,0 - Зовсім неприйнятно,Так
33,Так,10,2026-07-24 10:16:28,2026-07-24 10:25:27,Так,Так,Так,Чоловіча,33,м. Київ,Ні,Ні,Так,Ні,Ні,Ні,Ні,Так,,Київ,Ні,Ні,Ні,Ні,Ні,Ні,Незгода з рішеннями влади,Ні,Так,Ні,Ні,,"Відставка Сирського і ко, повернення в Міноборони команди здатної і готової робити реформи армії, закупівель.",Так,Безумовно так,Скоріше ні,Важко відповісти,1 - Зовсім не довіряю,6,1 - Зовсім не довіряю,4,1 - Зовсім не довіряю,Важко сказати,"Соболєв, Качка, Желєзняк",4,Зовсім не погоджуюсь,0 - Зовсім неприйнятно,Так
34,Так,10,2026-07-24 10:19:49,2026-07-24 10:24:25,Так,Так,Так,Жіноча,28,м. Київ,Ні,Ні,Так,Ні,Так,Ні,Ні,Ні,,Київ,Ні,Ні,Так,Ні,Ні,Ні,,Так,Ні,Ні,Ні,,Призначення Федорова міністром оборони,Ні,Скоріше так,Точно ні,Важко відповісти,4,7 - Повністю довіряю,3,6,Важко сказати,Важко сказати,"Федоров, Свириденко",5,Зовсім не погоджуюсь,0 - Зовсім неприйнятно,Так
35,Так,10,2026-07-24 10:19:55,2026-07-24 10:28:05,Так,Так,Так,Жіноча,20,м. Київ,Ні,Ні,Так,Ні,Так,Ні,Ні,Ні,,Київ,Ні,Так,Ні,Так,Ні,Ні,,Так,Ні,Ні,Ні,,"Висловити позицію щодо незгоди дій влади, підтримати ідею цифровізації армії, де це можливо, заради збереження людського капіталу, а також показати, що народу небайдуже щодо змін в країні",Ні,Важко відповісти,Скоріше ні,Скоріше ні,3,4,3,Важко сказати,3,"Не знаю, хто це","Стерненко, Козятинський, Совсун, Лозинський, Грищук, Соболєв",Важко сказати,"Наскільки погоджуюсь, настільки і не погоджуюсь",2,Так
36,Так,10,2026-07-24 10:20:19,2026-07-24 11:00:36,Так,Так,Так,Чоловіча,31,м. Київ,Ні,Ні,Так,Ні,Так,Ні,Ні,Ні,,Київ,Ні,Ні,Так,Так,Ні,Ні,,Так,Ні,Ні,Так,,Привернути увагу до важливості перезавантаження ДБР,Ні,Скоріше так,Точно ні,Точно ні,2,5,3,7 - Повністю довіряю,4,6,Ярослав Железняк,8,Зовсім не погоджуюсь,0 - Зовсім неприйнятно,Так
37,Так,10,2026-07-24 10:21:00,2026-07-24 10:25:20,Так,Так,Так,Жіноча,18,м. Київ,Ні,Ні,Так,Ні,Так,Ні,Ні,Ні,,київ,Ні,Ні,Ні,Так,Ні,Так,,Так,Ні,Ні,Ні,,проти фігні яку в черговий раз творить влада. щоб вимоги громадянського суспільства були почутими,Ні,Безумовно так,Скоріше ні,Скоріше так,2,6,3,6,"Не знаю, хто це","Не знаю, хто це",нікому особливо не можна довіряти. але федоров слей,3,Зовсім не погоджуюсь,0 - Зовсім неприйнятно,Ні
38,Так,10,2026-07-24 10:21:45,2026-07-24 10:31:13,Так,Так,Так,Жіноча,33,Київська,Ні,Ні,Ні,Ні,Так,Ні,Ні,Ні,,Київ,Ні,Так,Ні,Ні,Ні,Ні,,Так,Так,Ні,Ні,,"Людський потенціал в Україні меньший ніж в рашці, логічно що треба вкладатися і розвивати галузі які можуть замінити людиу, або підсилити її, технології і штучний інтелект. Федорів здається цим і займається",Ні,Скоріше так,Скоріше ні,Скоріше так,6,6,4,6,4,6,,3,Зовсім не погоджуюсь,0 - Зовсім неприйнятно,Ні
39,Так,10,2026-07-24 10:28:43,2026-07-24 10:35:51,Так,Так,Так,Чоловіча,23,м. Київ,Ні,Ні,Ні,Ні,Так,Ні,Ні,Ні,,Київ,Так,Ні,Ні,Ні,Ні,Ні,,Ні,Ні,Ні,Так,,"Федоров досі має бути міністром оборони.
Кім не ветеран, не має бути міністром у справах ветеранів.
Реформа ДБР — директор бюро Сухачов виступає проти реформи.
Геть Цуцкірідзе — в. о. Нацполу: кум і людина Татарова; працював на останнього, коли той заявляв, що майданівці самі себе розстрілювали і калічили.
Геть Поклада — т. в. о. СБУ: колись помічник нардепів від Партії регіонів, приклав руку до атаки на НАБУ і САП.
Проти корупції, схем, права виходу топ-корупціонерів під заставу",Так,Безумовно так,Безумовно так,Безумовно так,1 - Зовсім не довіряю,3,1 - Зовсім не довіряю,7 - Повністю довіряю,1 - Зовсім не довіряю,3,"Я довіряю народу України, ветеранам, патріотам які відстоюють громадянське суспільство, засудженим патріотам на кшталт Дудіна й Червінського. До вищого керівництва держави довіри 0. ""Лідерам суспільної думки"" не довіряю",8,Зовсім не погоджуюсь,1,Так
40,Так,10,2026-07-24 10:29:10,2026-07-24 10:34:07,Так,Так,Так,Чоловіча,19,м. Київ,Ні,Ні,Так,Ні,Так,Ні,Ні,Ні,,Київ,Ні,Ні,Ні,Так,Ні,Ні,,Так,Ні,Ні,Ні,,"За необхідну реформацію в армії, проти швидких та необґрунтованих змін, що призведуть до хаосу в управлінні армією",Ні,Скоріше ні,Точно ні,Скоріше ні,1 - Зовсім не довіряю,6,3,5,1 - Зовсім не довіряю,6,"Нікому не довіряю, ми не достатньо знаємо про ситуацію в кулуарах. Але, поки найкраще до Федорова відношуся. З відкритих джерел дізнався про Хмару, і його бездоганну репутацію, так що, треба про нього більше дізнаватися",8,Зовсім не погоджуюсь,0 - Зовсім неприйнятно,Ні
41,Так,10,2026-07-24 10:29:13,2026-07-24 10:34:14,Так,Так,Так,Жіноча,19,м. Київ,Ні,Ні,Так,Ні,Так,Ні,Ні,Ні,,Київ,Так,Ні,Так,Ні,Ні,Ні,,Так,Так,Ні,Ні,,"Відстояти людину, яка насправді активно щось змінювала і за пів року показала сильний результат",Так,Скоріше так,Скоріше ні,Скоріше так,3,5,2,6,3,5,"Федорову, Інні Совсун, Грищуку",3,Не погоджуюсь,2,Так
42,Так,10,2026-07-24 10:29:21,2026-07-24 10:36:32,Так,Так,Так,Жіноча,31,м. Київ,Ні,Ні,Ні,Ні,Так,Ні,Ні,Ні,,Київ,Ні,Так,Так,Ні,Ні,Ні,,Так,Ні,Так,Ні,,"Мене обурила форма. Це непродумане рішення, з незрозумілою комунікацією. На виході маємо купу колізій. Я все таке за те, щоб президент поважав процедури та Конституцію",Ні,Скоріше так,Скоріше ні,Скоріше так,2,5,4,6,5,5,Совсун,5,Зовсім не погоджуюсь,0 - Зовсім неприйнятно,Так
43,Так,10,2026-07-24 10:32:08,2026-07-24 10:41:08,Так,Так,Так,Жіноча,34,м. Київ,Ні,Ні,Ні,Ні,Ні,Ні,Ні,Так,,Київ,Ні,Так,Так,Ні,Ні,Ні,,Так,Ні,Ні,Ні,,Проти антиконституційних рішень Зеленського. Проти безпідставного розформування уряду. Проти саботажу реформ євроінтеграції. Проти свавілля і узурпації влади Зеленським.,Так,Безумовно так,Безумовно так,Безумовно так,1 - Зовсім не довіряю,3,2,4,6,6,"Луценко, Чалий, Залужний, Клімкін",3,Не погоджуюсь,0 - Зовсім неприйнятно,Так
44,Так,10,2026-07-24 10:38:16,2026-07-24 10:45:34,Так,Так,Так,Чоловіча,25,м. Київ,Ні,Ні,Ні,Ні,Так,Ні,Ні,Ні,,Київ,Ні,Так,Так,Ні,Ні,Ні,,Так,Ні,Так,Ні,,"1. Повернення М.Федорова на посаду міністра оборони 
2. Відставка І.Сирськоно з посади головнокомандувача ЗСУ, заміна на більш достойного кандидата",Ні,Скоріше так,Точно ні,Точно ні,4,5,3,5,Важко сказати,Важко сказати,Ярослав Железняк,5,Не погоджуюсь,1,Так
45,Так,10,2026-07-24 10:50:39,2026-07-24 10:53:54,Так,Так,Так,Жіноча,18,м. Київ,Ні,Ні,Так,Ні,Ні,Ні,Ні,Ні,,Київ,Так,Ні,Так,Ні,Ні,Ні,,Так,Так,Ні,Ні,,Показати свою позицію щодо рішень влади,Ні,Скоріше так,Точно ні,Скоріше ні,1 - Зовсім не довіряю,5,1 - Зовсім не довіряю,6,3,4,"Я не довіряю персоналіям, лише оцінюю їхню діяльність",5,Зовсім не погоджуюсь,0 - Зовсім неприйнятно,Ні
46,Так,10,2026-07-24 11:01:32,2026-07-24 11:07:51,Так,Так,Так,Жіноча,18,м. Київ,Ні,Ні,Так,Ні,Ні,Ні,Ні,Ні,,Київ,Ні,Ні,Так,Так,Ні,Ні,,Ні,Ні,Так,Ні,,"Федоров був одним з небагатьох людей які робили оборону України справді ефективнішою і мали намір зробити ще кращою, без задніх злих намірів. Таких людей потрібно утримувати та цінувати",Ні,Важко відповісти,Скоріше ні,Безумовно так,2,5,1 - Зовсім не довіряю,4,"Не знаю, хто це",5,"Федоров, Совсун",6,Не погоджуюсь,2,Ні
47,Так,10,2026-07-24 11:03:07,2026-07-24 11:06:51,Так,Так,Так,Жіноча,19,м. Київ,Ні,Ні,Так,Ні,Так,Ні,Ні,Ні,,Київ,Ні,Так,Так,Ні,Ні,Ні,,Ні,Так,Так,Ні,,"Показати свою соціальну позицію, а також показати владі що вони не всемогутні, проти них може стати народ",Ні,Скоріше так,Скоріше ні,Скоріше ні,2,5,3,6,2,4,,6,Зовсім не погоджуюсь,4,Так
48,Ні,6,2026-07-24 11:06:34,2026-07-24 11:07:44,Так,Так,Так,Жіноча,18,м. Київ,Ні,Ні,Так,Ні,Ні,Ні,Ні,Ні,,Київ,Ні,Ні,Так,Ні,Ні,Так,,Так,Ні,Ні,Ні,,Нам всім пізда якщо наш голос стихне,,,,,,,,,,,,,,,
49,Так,10,2026-07-24 11:23:12,2026-07-24 11:29:14,Так,Так,Так,Чоловіча,27,м. Київ,Ні,Ні,Ні,Ні,Так,Ні,Ні,Ні,"Волонтерю, працюю в дефтех",Київ,Так,Ні,Так,Ні,Ні,Ні,,Ні,Так,Ні,Ні,,"Щоб Україна перемогла. 
Щоб продемонструвати, що влада не може приймати політичні та дурні рішення та очікувати, що не буде реакції.
Щоб розпочати новий процес здорових змін, як це було минулого року.",Ні,Скоріше так,Скоріше ні,Скоріше ні,3,7 - Повністю довіряю,3,7 - Повністю довіряю,3,7 - Повністю довіряю,"Федоров, Притула (в майбутньому політичний діяч), Буданов, Білецький.",5,Зовсім не погоджуюсь,0 - Зовсім неприйнятно,Так
50,Так,10,2026-07-24 11:25:06,2026-07-24 11:40:31,Так,Так,Так,Чоловіча,20,м. Київ,Ні,Ні,Так,Ні,Так,Ні,Ні,Ні,,Київ,Ні,Так,Ні,Так,Ні,Ні,,Так,Ні,Ні,Так,,Демонстрація своєї позиції та привернення уваги до протесту і повернення Федорова на позицію МО,Так,Безумовно так,Точно ні,Безумовно так,5,7 - Повністю довіряю,3,7 - Повністю довіряю,3,5,"Федоров, Садовий, Терехов, Сухомлин",8,Зовсім не погоджуюсь,0 - Зовсім неприйнятно,Так
51,Ні,7,2026-07-24 11:29:09,2026-07-24 11:32:57,Так,Так,Так,Чоловіча,19,м. Київ,Ні,Ні,Так,Ні,Ні,Ні,Ні,Ні,,Київ,Ні,Ні,Так,Так,Ні,Ні,,Так,Ні,Ні,Ні,,"Висловити невдоволення про дії влади стосовно МО та екс-головнокомандувача Сирського
Підтримати Федорова в намаганні повернутись на пост Міністра оборони",Так,Безумовно так,Скоріше ні,Скоріше так,,,,,,,,,,,
52,Так,10,2026-07-24 12:07:59,2026-07-24 12:13:33,Так,Так,Так,Чоловіча,22,Київська,Ні,Ні,Так,Ні,Так,Ні,Ні,Ні,,Київ,Ні,Ні,Так,Ні,Ні,Ні,,Так,Ні,Ні,Ні,,"Та сама мета, що й у багатьох: за рахунок кількості донести свою позицію та бачення кращого майбутнього для України",Ні,Безумовно так,Скоріше ні,Скоріше так,3,7 - Повністю довіряю,5,5,"Не знаю, хто це",Важко сказати,"Петро Порошенко, Михайло Федоров",5,Не погоджуюсь,8,Так
53,Так,10,2026-07-24 12:19:40,2026-07-24 12:26:00,Так,Так,Так,Інше,23,м. Київ,Ні,Ні,Так,Ні,Так,Ні,Ні,Ні,,"Київ, Львів",Ні,Ні,Так,Так,Ні,Ні,,Так,Ні,Ні,Ні,,"Підтримка наступних тем: збереження курсу на реформи, небажання бачити як держава порушує свої ж процесуальні норми, підтримка європейських цінностей",Так,Безумовно так,Скоріше так,Безумовно так,1 - Зовсім не довіряю,7 - Повністю довіряю,4,7 - Повністю довіряю,1 - Зовсім не довіряю,1 - Зовсім не довіряю,"Федоров, Совсун, Железняк",6,Зовсім не погоджуюсь,2,Ні
54,Так,10,2026-07-24 12:21:31,2026-07-24 12:27:35,Так,Так,Так,Чоловіча,21,м. Київ,Ні,Ні,Ні,Ні,Так,Ні,Ні,Ні,,Київ,Ні,Ні,Так,Ні,Ні,Ні,,Так,Ні,Ні,Ні,,"Не стояти осторонь, а зробити щось що може вплинути на владу.",Ні,Важко відповісти,Точно ні,Скоріше так,4,7 - Повністю довіряю,3,6,3,5,Мадяр,8,Не погоджуюсь,0 - Зовсім неприйнятно,Ні
55,Ні,5,2026-07-24 12:24:27,2026-07-24 12:25:34,Так,Так,Так,Жіноча,22,Волинська,Ні,Ні,Так,Ні,Ні,Ні,Ні,Ні,,Луцьк,Ні,Так,Так,Ні,Ні,Ні,,Ні,Так,Ні,Ні,,,,,,,,,,,,,,,,,
56,Так,10,2026-07-24 12:25:05,2026-07-24 12:28:32,Так,Так,Так,Жіноча,22,Львівська,Ні,Ні,Так,Ні,Ні,Ні,Ні,Ні,,Львів,Ні,Ні,Так,Так,Ні,Ні,,Так,Ні,Ні,Ні,,Повернути ефективного менеджера на посаду міністра оборони,Так,Скоріше так,Скоріше ні,Скоріше ні,4,6,4,6,4,6,Немає таких,6,Не погоджуюсь,1,Так
57,Ні,5,2026-07-24 12:29:59,2026-07-24 12:30:49,Так,Так,Так,Жіноча,18,Чернігівська,Ні,Ні,Так,Ні,Ні,Ні,Ні,Ні,,,Ні,Ні,Ні,Ні,Ні,Так,,Ні,Ні,Ні,Так,,,,,,,,,,,,,,,,,
58,Так,10,2026-07-24 12:30:01,2026-07-24 12:36:46,Так,Так,Так,Жіноча,20,Чернігівська,Ні,Ні,Ні,Ні,Так,Ні,Ні,Ні,,Чернігів,Ні,Так,Ні,Так,Ні,Ні,,Так,Ні,Ні,Ні,,"Чим більше людей, тим більше ймовірність, що людей почують і зроблять так, як буде краще для нашої країни.",Так,Безумовно так,Важко відповісти,Скоріше так,2,7 - Повністю довіряю,2,7 - Повністю довіряю,3,3,"Драпатий, Федоров. І словам Чорновола, якого на жаль, немає в живих",5,Зовсім не погоджуюсь,4,Так
59,Так,10,2026-07-24 12:30:35,2026-07-24 13:03:10,Так,Так,Так,Чоловіча,23,Чернігівська,Ні,Ні,Ні,Ні,Так,Ні,Ні,Ні,,Чернігів,Ні,Так,Так,Ні,Ні,Ні,,Так,Ні,Ні,Ні,,Спускати владу з небес на грішну землю,Ні,Скоріше так,Скоріше ні,Важко відповісти,3,6,2,7 - Повністю довіряю,2,6,Дарту Вейдеру,4,Зовсім не погоджуюсь,0 - Зовсім неприйнятно,Так
60,Так,10,2026-07-24 12:30:37,2026-07-24 12:34:24,Так,Так,Так,Жіноча,19,м. Київ,Ні,Ні,Так,Ні,Ні,Ні,Ні,Ні,,Київ,Ні,Так,Так,Ні,Ні,Ні,,Так,Так,Так,Ні,,,Так,Безумовно так,Важко відповісти,Безумовно так,2,5,1 - Зовсім не довіряю,5,4,"Не знаю, хто це",Буданов Федоров,Важко сказати,Зовсім не погоджуюсь,7,Так
61,Так,10,2026-07-24 12:31:40,2026-07-24 12:35:11,Так,Так,Так,Жіноча,31,Чернігівська,Ні,Ні,Ні,Ні,Так,Ні,Ні,Ні,,Чернігів,Ні,Ні,Так,Ні,Ні,Так,,Так,Ні,Ні,Ні,,Бути дотичною до справедливості.,Так,Безумовно так,Скоріше ні,Скоріше так,4,6,2,7 - Повністю довіряю,4,6,,5,Зовсім не погоджуюсь,4,Так
62,Так,10,2026-07-24 12:35:23,2026-07-24 12:41:00,Так,Так,Так,Інше,18,Волинська,Ні,Ні,Так,Ні,Ні,Ні,Ні,Ні,,Луцьк,Так,Ні,Так,Ні,Ні,Ні,,Так,Ні,Ні,Ні,,"не дати корумпованій владі заважати людям, завдяки яким справи на фронті йдуть краще",Ні,Безумовно так,Важко відповісти,Важко відповісти,3,6,1 - Зовсім не довіряю,6,"Не знаю, хто це",Важко сказати,,Важко сказати,Зовсім не погоджуюсь,Важко сказати,Так
63,Так,10,2026-07-24 12:35:46,2026-07-24 12:41:56,Так,Так,Так,Жіноча,23,Волинська,Ні,Ні,Ні,Ні,Так,Ні,Ні,Ні,,Луцьк,Ні,Так,Ні,Так,Ні,Ні,,Так,Ні,Так,Так,,"Особисте бажання отримати від влади прозорі пояснення щодо звільнення продуктивного міністра оборони в розпал війни (чому було звільнено, хто є кращою кандидатурою на цей пост, які рішення привели до таких дій). Також вимагаю пояснення рішення залишити сирського на його посаді після злочинів які він вчинив проти військових (мої особисті знайомі, які є у війську незадоволені його роботою)",Так,Безумовно так,Важко відповісти,Важко відповісти,3,6,1 - Зовсім не довіряю,7 - Повністю довіряю,2,Важко сказати,Нікому повністю не довіряю,Важко сказати,Не погоджуюсь,10 - Цілком прийнятно,Так
64,Так,10,2026-07-24 12:36:10,2026-07-24 12:49:05,Так,Так,Так,Чоловіча,22,м. Київ,Ні,Ні,Ні,Ні,Так,Ні,Ні,Ні,,Київ,Ні,Ні,Так,Ні,Ні,Ні,"за день до того, як був заклик від Козятинського, я прокручував у себе в голові, що потрібно виходити на протест, але не наважувався, боячись, що буду сам",Так,Ні,Ні,Ні,,"повернути Михайла Федорова на посаду Міністра оборони України. завадити діям, які суперечать Конституції України і фактично скасовують курс на реформування армії, який впроваджував Михайло Федоров.",Ні,Безумовно так,Скоріше ні,Скоріше так,3,7 - Повністю довіряю,3,6,4,5,Михайло Федоров,4,Не погоджуюсь,0 - Зовсім неприйнятно,Так
65,Так,10,2026-07-24 12:37:22,2026-07-24 12:44:28,Так,Так,Так,Жіноча,18,Волинська,Так,Ні,Ні,Ні,Ні,Ні,Ні,Ні,,Луцьк,Ні,Ні,Так,Ні,Ні,Ні,,Так,Так,Так,Ні,,"Я завжди хочу кращого для цієї країни, а це рішення мене обурило. Президент хотів в тиху звільнити міністра, але забув, що владою в Україні є народ",Ні,Безумовно так,Скоріше ні,Скоріше так,4,7 - Повністю довіряю,1 - Зовсім не довіряю,6,1 - Зовсім не довіряю,Важко сказати,"Михайло Федоров, Драпатий, Залужний, Стерненко",Важко сказати,Не погоджуюсь,3,Ні
66,Так,10,2026-07-24 12:38:03,2026-07-24 12:40:25,Так,Так,Так,Жіноча,20,м. Київ,Ні,Ні,Так,Ні,Так,Ні,Ні,Ні,,Київ,Так,Ні,Ні,Ні,Ні,Ні,,Так,Ні,Ні,Ні,,"хочу, щоб мої рідні воювали не генералом черешнею, а якісними дронами",Так,Безумовно так,Важко відповісти,Безумовно так,3,5,2,5,1 - Зовсім не довіряю,Важко сказати,ніяким,5,Зовсім не погоджуюсь,Важко сказати,Так
67,Так,10,2026-07-24 12:41:59,2026-07-24 12:48:30,Так,Так,Так,Жіноча,26,м. Київ,Ні,Ні,Ні,Ні,Так,Ні,Ні,Ні,,Київ,Ні,Ні,Так,Ні,Ні,Ні,"Побачивши новини, шукала що з цим робити та хотіла  долучитись до організації протестів",Так,Ні,Ні,Ні,,"Не дати владі негативно повпливати на обороноздатність країни, підтримати ті реформи, які були розпочаті в Міноборони та висловити свою думку як громадянки, яка категорично не згодна як з призначенням окремих осіб міністрами так і в цілому з методами і частотою перезапуску уряду",Так,Безумовно так,Важко відповісти,Важко відповісти,3,5,3,6,2,6,"Інні Совсун, Сергію Стерненко, Михайлу Драпатому, але на 100% нікому не довіряю",5,Не погоджуюсь,1,Так
68,Ні,7,2026-07-24 12:46:08,2026-07-24 13:03:34,Так,Так,Так,Жіноча,22,Чернігівська,Ні,Ні,Ні,Ні,Ні,Ні,Ні,Ні,випускниця + фріланс,"Чернігів, Київ",Ні,Ні,Ні,Ні,Ні,Ні,шукала чи організовують в місті як тільки побачила новини,Так,Ні,Ні,Ні,,Майбутнє країни,Ні,Безумовно так,Скоріше ні,Важко відповісти,,,,,,,,,,,
69,Так,10,2026-07-24 12:46:31,2026-07-24 12:56:39,Так,Так,Так,Жіноча,18,м. Київ,Ні,Ні,Так,Ні,Ні,Ні,Ні,Ні,,"Київ, Луцьк",Ні,Ні,Так,Ні,Ні,Ні,,Ні,Так,Ні,Ні,,"Це моя країна, і я маю дбати про майбутнє цієї країни. Сама з родини війскових тому для мене це болюча тема",Так,Безумовно так,Точно ні,Скоріше так,5,7 - Повністю довіряю,1 - Зовсім не довіряю,7 - Повністю довіряю,2,3,"Нарпед Железняк, Михайло Драпатий",5,Зовсім не погоджуюсь,0 - Зовсім неприйнятно,Так
70,Так,10,2026-07-24 12:48:19,2026-07-24 13:07:58,Так,Так,Так,Жіноча,35,Волинська,Ні,Ні,Ні,Ні,Так,Ні,Ні,Ні,,Луцьк,Ні,Ні,Так,Ні,Ні,Ні,,Так,Так,Ні,Ні,,"1. Повернути на посаду МО людину, яка вже довела свою спроможність та ефективність на цій посаді, яка прийшла зі стратегічним баченням та чіткими цілями та яка діяла згідно з цим баченням. 
2. Заподіяти репресіям військових, яки виступають із критикою. 
3. Змусити президента відмовитися від ручного управління на користь системних змін.
4. Дати президенту зрозуміти, що в українського суспільства нуль толерантності до корупції (особливо під час повномасштабної війни). 
5. Висловити свій страх перед можливими наслідками таких недалекоглядних рішень.",Ні,Безумовно так,Скоріше ні,Важко відповісти,Важко сказати,6,2,6,Важко сказати,5,"Наразі Драпатому, Федорову, Хмарі.",4,Зовсім не погоджуюсь,0 - Зовсім неприйнятно,Так
71,Так,10,2026-07-24 12:50:50,2026-07-24 12:56:55,Так,Так,Так,Жіноча,18,м. Київ,Ні,Ні,Так,Ні,Ні,Ні,Ні,Ні,,Харків,Ні,Так,Так,Ні,Ні,Ні,,Так,Ні,Ні,Ні,,"Аби звільнити та притягти до кримінальної відповідальності Сирського. Також проти корупції, та не створення схем аби звільнити лбдмну яка не сподобалась верхівці",Ні,Безумовно так,Скоріше ні,Скоріше ні,3,5,1 - Зовсім не довіряю,7 - Повністю довіряю,2,3,Стерненко,4,Не погоджуюсь,0 - Зовсім неприйнятно,Ні
72,Так,10,2026-07-24 12:52:27,2026-07-24 13:00:49,Так,Так,Так,Інше,20,Чернігівська,Ні,Ні,Ні,Ні,Так,Ні,Ні,Ні,,Чернігів,Ні,Так,Так,Ні,Ні,Ні,,Так,Ні,Ні,Так,,Насправді мене не так сильно хвилює саме звільне Федорова як те що з громадою не було стосовно цього комунікації. Тобто для мене більше важливо щоб такі важливі рішення котрі впливають і на моє життя також не приймались наче вони мене не стосуються,Ні,Безумовно так,Точно ні,Скоріше так,Важко сказати,6,2,6,"Не знаю, хто це",Важко сказати,"Стерненко, Федоров",1,Зовсім не погоджуюсь,0 - Зовсім неприйнятно,Так
73,Так,10,2026-07-24 12:54:02,2026-07-24 12:59:34,Так,Так,Так,Жіноча,20,Волинська,Ні,Ні,Ні,Ні,Так,Ні,Ні,Ні,,Луцьк,Ні,Так,Ні,Так,Ні,Ні,,Так,Ні,Так,Ні,,"мета щоб нас почули і змінили старих неефективних людей задля перемоги у війні в Україні. показати що прийняте рішення про відставку ефективного міністра є неправильним а також вимагаю щоб люди, зокрема сирський несли відповідальність за все що вони роблять",Так,Безумовно так,Точно ні,Скоріше так,2,6,1 - Зовсім не довіряю,5,"Не знаю, хто це",2,Сергій Стерненко,3,Не погоджуюсь,1,Ні
74,Так,10,2026-07-24 12:54:18,2026-07-24 13:19:12,Так,Так,Так,Жіноча,22,Чернігівська,Ні,Ні,Ні,Ні,Так,Ні,Ні,Ні,,"Київ, Чернігів",Ні,Так,Ні,Ні,Ні,Ні,,Так,Так,Ні,Ні,,"• Повернення Михайла Федорова на посаду Міністра оборони, оскільки бачила його ефективність, підтримую його бачення реформ в Міністерстві оборони та армії і вважаю найкращим кандидатом. Також відзначаю його боротьбу з корупцією. 
• Звільнення і, бажано, притягнення до кримінальної відповідальності Сирського, оскільки є підтверджена інформація щодо вчинених ним злочинів проти військових, криміналізації армії, скарг від військових, умисного перешкоджання роботи Міністерства оборони і решти. Його політика ведення війни ""м'ясними штурмами"" викликає у мене сильне обурення. 
• Призначення на посаду Головнокомандувача Михайла Драпатого, бо бачу багато позитивних відгуків про нього саме від військових, бачила прояв ним гідності та честі, поважаю його позицію щодо збереження особового складу. За цей час проявив себе гідним Генералом і імпонує його щира ненависть до ворога.",Так,Безумовно так,Точно ні,Безумовно так,4,6,1 - Зовсім не довіряю,6,3,3,Наразі це Михайло Федоров. Володимир Зеленський підірвав довіру до себе. Повністю довіряю Сергію Стерненко.,3,Зовсім не погоджуюсь,0 - Зовсім неприйнятно,Так
75,Так,10,2026-07-24 13:00:57,2026-07-24 13:08:30,Так,Так,Так,Жіноча,51,Чернігівська,Ні,Ні,Ні,Ні,Так,Ні,Ні,Ні,,"Чернігів, Київ",Так,Ні,Так,Ні,Ні,Ні,,Так,Ні,Ні,Так,,Повернути Федорова на посаду міністра оборони,Так,Безумовно так,Скоріше ні,Важко відповісти,2,7 - Повністю довіряю,1 - Зовсім не довіряю,6,1 - Зовсім не довіряю,3,"Федоров, Драпатий, Притула, Буданов",5,Не погоджуюсь,0 - Зовсім неприйнятно,Так
76,Так,10,2026-07-24 13:05:10,2026-07-24 13:15:44,Так,Так,Так,Жіноча,22,Волинська,Ні,Ні,Ні,Ні,Так,Ні,Ні,Ні,,Луцьк,Ні,Ні,Так,Ні,Ні,Ні,,Ні,Ні,Так,Ні,,"Головна моя мета те, що я хочу будувати своє майбутнє в Україні. В країні, де влада робить все, щоб зберегти її історію та людей, які творять цю історію. І хочу жити в країні, де моє покоління будує свою сімʼю, а не бачити прапори на цвинтарях",Ні,Безумовно так,Скоріше ні,Важко відповісти,5,6,2,7 - Повністю довіряю,6,6,"Якщо говорити за політичних діячів, то перш за все є надія на Драпатого, а так – я більше довіряю військовим діячам, які є прикладами для інших",10 - Праві,Зовсім не погоджуюсь,6,Так
77,Так,10,2026-07-24 13:08:59,2026-07-24 13:17:25,Так,Так,Так,Чоловіча,25,Волинська,Ні,Ні,Ні,Ні,Так,Ні,Ні,Ні,,"Київ, Луцьк",Ні,Ні,Так,Ні,Ні,Ні,,Так,Ні,Ні,Ні,,"Повернення Федорова, відставка Сирського, призначення Драпатого, міністерство ветеранів для ветеранів, подолання одноосібного правління монобільшості",Ні,Безумовно так,Скоріше ні,Безумовно так,3,7 - Повністю довіряю,3,6,5,5,"Федоров, Стерненко, Драпатий",7,Не погоджуюсь,5,Ні
78,Так,10,2026-07-24 13:09:42,2026-07-24 13:29:26,Так,Так,Так,Чоловіча,34,Волинська,Ні,Ні,Ні,Ні,Так,Ні,Ні,Ні,,Луцьк,Так,Ні,Ні,Ні,Ні,Ні,,Так,Ні,Ні,Ні,,Показати керівництву держави що їхні дії роблять погіршення соціально політичного становища,Ні,Безумовно так,Точно ні,Безумовно так,2,6,1 - Зовсім не довіряю,5,1 - Зовсім не довіряю,Важко сказати,"Федоров, Стерненко, Притула",4,Зовсім не погоджуюсь,2,Так
79,Так,10,2026-07-24 13:10:58,2026-07-24 13:15:18,Так,Так,Так,Жіноча,31,Волинська,Ні,Ні,Ні,Ні,Так,Ні,Ні,Ні,,Луцьк,Ні,Так,Так,Ні,Ні,Ні,,Так,Ні,Так,Ні,,незадоволення рішеннями влади,Так,Скоріше так,Скоріше ні,Скоріше ні,3,7 - Повністю довіряю,1 - Зовсім не довіряю,7 - Повністю довіряю,3,6,складно відповісти якщо говорити суто про політиків,4,Не погоджуюсь,8,Так
80,Ні,8,2026-07-24 13:20:04,2026-07-24 13:26:35,Так,Так,Так,Жіноча,26,Волинська,Ні,Ні,Ні,Ні,Так,Ні,Ні,Ні,,Луцьк,Ні,Так,Так,Ні,Ні,Ні,,Ні,Так,Ні,Ні,,"Зробити все, що в моїх силах, щоб наблизити нашу перемогу.
Без тандему Драпатий+Федоров, я думаю, це малоймовірно.",Ні,Безумовно так,Скоріше ні,Важко відповісти,Важко сказати,7 - Повністю довіряю,1 - Зовсім не довіряю,7 - Повністю довіряю,1 - Зовсім не довіряю,2,"Головнокомандувач ЗСУ Драпатому, Федорову",,,,
81,Ні,8,2026-07-24 13:33:44,2026-07-24 13:38:19,Так,Так,Так,Жіноча,24,Чернігівська,Ні,Ні,Ні,Ні,Так,Ні,Ні,Ні,,Чернігів,Ні,Ні,Ні,Ні,Ні,Так,,Так,Ні,Ні,Ні,,Повернути Федорова в МО,Так,Скоріше так,Скоріше ні,Скоріше так,5,6,1 - Зовсім не довіряю,5,Важко сказати,Важко сказати,Важко сказати,,,,
82,Так,10,2026-07-24 13:35:40,2026-07-24 13:45:23,Так,Так,Так,Чоловіча,18,Волинська,Ні,Ні,Так,Ні,Ні,Ні,Ні,Ні,,Луцьк,Ні,Ні,Ні,Так,Ні,Ні,,Так,Ні,Ні,Ні,,"Заради повернення Федорову посади МО, яку без пояснень і причин забрали",Так,Безумовно так,Точно ні,Скоріше ні,4,6,2,6,5,6,Притула,7,"Наскільки погоджуюсь, настільки і не погоджуюсь",2,Ні
83,Так,10,2026-07-24 13:39:33,2026-07-24 13:44:11,Так,Так,Так,Жіноча,23,Чернівецька,Ні,Ні,Ні,Ні,Так,Ні,Ні,Ні,,Чернівці,Ні,Ні,Так,Ні,Ні,Ні,,Ні,Так,Ні,Ні,,"Домогтися повернення в МО людини, яка забезпечила ефективну роботу міністерства й боролася з корупцією в оборонних закупівлях",Ні,Безумовно так,Точно ні,Скоріше так,4,7 - Повністю довіряю,1 - Зовсім не довіряю,7 - Повністю довіряю,Важко сказати,5,"Михайлу Федорову, депутатці Інні Совсун, депутату Роману Грищуку",4,Не погоджуюсь,0 - Зовсім неприйнятно,Так
84,Так,10,2026-07-24 13:39:40,2026-07-24 13:44:03,Так,Так,Так,Чоловіча,23,Дніпропетровська,Ні,Ні,Ні,Ні,Так,Ні,Ні,Ні,,Кривий Ріг,Ні,Ні,Так,Ні,Ні,Ні,хотів сам,Так,Ні,Ні,Ні,,вийти проти несправедливості,Ні,Скоріше ні,Скоріше ні,Скоріше ні,3,5,2,4,2,3,,4,"Наскільки погоджуюсь, настільки і не погоджуюсь",0 - Зовсім неприйнятно,Так
85,Так,10,2026-07-24 13:46:23,2026-07-24 13:53:40,Так,Так,Так,Жіноча,35,Волинська,Ні,Ні,Ні,Ні,Так,Ні,Ні,Ні,,Луцьк,Ні,Так,Ні,Ні,Ні,Ні,"Прочитала новини, потім побачила, що в Києві вийдуть люди, думала їхати туди, але в коментарях до допису про Києвський протест був Луцьк",Ні,Так,Ні,Ні,,"Я виходжу на протести не за Федорова, чи проти Сирського, а за прозорість у роботі інституцій. Так само як рік тому виходила не за НАБУ і САП, а за прозорість у роботі інституцій. Бо те і те — лише конкретні приклади, як не прозоро і не логічно спрацьовували ці механізми і тому воно стає останньою краплею перед протестом. Але проблема не в самому Федорові чи в НАБУ. Згадайте рік тому, подивіться на теперішнє. Ось тут докладно розписано те, що я теж маю на увазі: https://www.facebook.com/share/p/18uLAq4sJL/?mibextid=wwXIfr",Так,Скоріше так,Скоріше ні,Скоріше ні,2,3,3,6,1 - Зовсім не довіряю,5,"Я не довіряю політичним діячам, я довіряю прозорій схемі роботи діячів.",5,Зовсім не погоджуюсь,0 - Зовсім неприйнятно,Так
86,Так,10,2026-07-24 13:49:35,2026-07-24 13:53:16,Так,Так,Так,Чоловіча,19,Миколаївська,Ні,Ні,Так,Ні,Так,Ні,Ні,Ні,,Миколаїв,Ні,Так,Ні,Так,Ні,Ні,,Так,Ні,Так,Ні,,підтримка функції народовладдя в умовах воєнного стану,Так,Безумовно так,Скоріше ні,Скоріше ні,3,6,3,5,4,Важко сказати,"Совсун, Железняк, Піпа",6,Не погоджуюсь,3,Так
87,Так,10,2026-07-24 13:53:15,2026-07-24 13:57:02,Так,Так,Так,Чоловіча,19,Київська,Ні,Ні,Так,Ні,Ні,Ні,Ні,Ні,,Київс,Ні,Ні,Так,Ні,Ні,Ні,,Так,Ні,Ні,Ні,,Повернення Федорова в МО та звільнення Сирського,Так,Безумовно так,Важко відповісти,Скоріше так,1 - Зовсім не довіряю,5,1 - Зовсім не довіряю,5,1 - Зовсім не довіряю,2,Нікому,8,Зовсім не погоджуюсь,2,Так
88,Так,10,2026-07-24 13:56:46,2026-07-24 14:02:09,Так,Так,Так,Жіноча,26,Чернігівська,Ні,Ні,Ні,Ні,Так,Ні,Ні,Ні,,Чернігів,Так,Ні,Так,Ні,Ні,Ні,,Так,Ні,Ні,Так,,Закликати президента дослухатися до народу,Ні,Безумовно так,Скоріше ні,Скоріше так,4,6,2,6,1 - Зовсім не довіряю,4,На даний момент Федоров,Важко сказати,"Наскільки погоджуюсь, настільки і не погоджуюсь",0 - Зовсім неприйнятно,Ні
89,Так,10,2026-07-24 14:05:37,2026-07-24 14:12:25,Так,Так,Так,Жіноча,33,Чернігівська,Ні,Ні,Ні,Ні,Так,Ні,Ні,Ні,,Чернігів,Ні,Так,Ні,Ні,Ні,Ні,,Ні,Так,Ні,Ні,,"Я не розумію причин відставки міністра, відсутнє пояснення. У міністра був план, який хвалять військові та керівники великих фондів, це теж повертає до першого питання. Людина працювала 6 місяці і є успіхів, кандидатів на посаду не було інших які були би кращі - ми це бачимо з пропозиції Клименка і потім Хмарі - чому змінився весь уряд - невідомо? Що було не так -невідомо? Чи маємо ми час на «починати все спочатку» - коли в Росії мобілізація на осінь - точно ні . Тотальне не розуміння що відбувається і чому президент шкодить країні",Так,Безумовно так,Точно ні,Безумовно так,1 - Зовсім не довіряю,5,2,6,Важко сказати,Важко сказати,Довіряю не діячам а їх діям,Важко сказати,Зовсім не погоджуюсь,0 - Зовсім неприйнятно,Ні
90,Ні,5,2026-07-24 14:24:40,2026-07-24 14:26:27,Так,Так,Так,Жіноча,23,Київська,Ні,Ні,Ні,Ні,Так,Ні,Ні,Ні,,Київ,Ні,Так,Так,Ні,Ні,Ні,,Ні,Так,Ні,Так,,,,,,,,,,,,,,,,,
91,Так,10,2026-07-24 14:29:36,2026-07-24 14:32:50,Так,Так,Так,Чоловіча,30,Волинська,Ні,Ні,Ні,Ні,Ні,Ні,Ні,Так,,Луцьк,Ні,Так,Ні,Ні,Так,Ні,,Ні,Так,Ні,Ні,,Потусуватись серед молодих дівчат,Ні,Скоріше так,Важко відповісти,Важко відповісти,Важко сказати,"Не знаю, хто це",7 - Повністю довіряю,"Не знаю, хто це","Не знаю, хто це","Не знаю, хто це",Ляшко,5,Зовсім не погоджуюсь,0 - Зовсім неприйнятно,Ні
92,Так,10,2026-07-24 14:37:52,2026-07-24 14:44:16,Так,Так,Так,Чоловіча,37,Волинська,Ні,Ні,Ні,Ні,Так,Ні,Ні,Ні,,Луцьк,Ні,Ні,Так,Ні,Ні,Ні,,Ні,Ні,Так,Ні,,Виправити помилки влади,Ні,Скоріше так,Точно ні,Скоріше так,2,7 - Повністю довіряю,1 - Зовсім не довіряю,7 - Повністю довіряю,2,6,"Михайлу Федорову, Михайлу Драпатому",6,Не погоджуюсь,0 - Зовсім неприйнятно,Ні
93,Так,10,2026-07-24 14:38:15,2026-07-24 14:42:34,Так,Так,Так,Жіноча,21,Чернігівська,Ні,Ні,Ні,Ні,Так,Ні,Ні,Ні,,Чернігів,Ні,Так,Ні,Ні,Ні,Ні,,Так,Так,Ні,Ні,,"Влада у руках народу, і коли народ проти, не можна його не слухати",Ні,Безумовно так,Скоріше ні,Важко відповісти,3,5,1 - Зовсім не довіряю,7 - Повністю довіряю,1 - Зовсім не довіряю,3,Драпатий,Важко сказати,Зовсім не погоджуюсь,8,Так
94,Ні,5,2026-07-24 14:42:32,2026-07-24 14:46:42,Так,Так,Так,Жіноча,28,м. Київ,Ні,Ні,Ні,Ні,Так,Ні,Ні,Ні,,Київ,Ні,Ні,Так,Ні,Ні,Ні,,Так,Ні,Ні,Ні,,,,,,,,,,,,,,,,,
95,Так,10,2026-07-24 14:46:15,2026-07-24 14:59:04,Так,Так,Так,Жіноча,25,Волинська,Ні,Ні,Ні,Ні,Так,Ні,Ні,Ні,,Луцьк,Ні,Ні,Ні,Ні,Ні,Ні,"Після новини про відставку мінстра зрозуміла, що точно будуть мітинги і я завтра туди піду, потім побачила інформацію у тредс, що збираються на 9 годину і так уже і приєдналась",Ні,Так,Ні,Ні,,"Відстояти інтереси військових, які захищають нас на фронті і не можуть висловити свою позицію протестом. Адже в першу чергу такі кадрові рішення впливають на дієздатність армії, мотивацію військових. Як цивільна людина я відстоювала інтереси демократії, право голосу та спротив непрозорим рішенням у владі.",Ні,Скоріше так,Скоріше ні,Скоріше так,5,7 - Повністю довіряю,1 - Зовсім не довіряю,7 - Повністю довіряю,1 - Зовсім не довіряю,6,"Федоров, Зеленський, Буданов (якщо його вже можна вважати політичним діячем, а не військовим),",5,Зовсім не погоджуюсь,7,Ні
96,Так,10,2026-07-24 14:50:53,2026-07-24 15:03:27,Так,Так,Так,Жіноча,23,м. Київ,Ні,Ні,Ні,Ні,Так,Ні,Ні,Ні,,Київ,Так,Ні,Ні,Ні,Ні,Ні,"власні переконання. я підтримую головні меседжі і вимоги мітингу, тому вирішила приєднатися",Так,Ні,Ні,Так,,"Вимагаю прозорості рішень влади - щоб вони пояснювали суспільству свої дії. Мені остогидло, що влада кожне рішення приймає з думкою, що народ його проковтне. 
Відставка сирського - вважаю, що йому пора на пенсію. 
Повернення Федорова - важливо зазначити, що я не є фанаткою конкретної особистості як багато хто в соцмережах, просто мені імпонує його підхід і команда, бачу ефективність його діяльності, тож вважаю рішення президента несправедливим.",Ні,Безумовно так,Скоріше ні,Важко відповісти,2,5,1 - Зовсім не довіряю,5,2,4,"Інна Совсун, Роман Лозинський, Ярослав Железняк",2,Не погоджуюсь,Важко сказати,Ні
97,Так,10,2026-07-24 14:51:30,2026-07-24 15:01:02,Так,Так,Так,Чоловіча,25,м. Київ,Ні,Ні,Так,Ні,Так,Ні,Ні,Ні,,Київ,Ні,Ні,Ні,Ні,Ні,Ні,"Почитав новини і вирішив, що потрібно іти на протест",Ні,Так,Так,Ні,,"Наблизити крах цієї влади. Я переконаний, що нам потрібна зміна влади, (чи то вибори, чи імпічмент, чи відставка - це не так важливо). Тому цей протест зменшить підтримку поточної влади, а отже ми будемо ближче до оновлення. Тому моя участь це +1 до кількості людей на протесті і чим більше, чи менше довіри до президента, уряду, ВР і це наближає її кінець.",Ні,Безумовно так,Важко відповісти,Важко відповісти,1 - Зовсім не довіряю,5,1 - Зовсім не довіряю,5,1 - Зовсім не довіряю,2,"навіть не знаю, довіряю журоналістам - УП, Громадське, Радіо Свобода, Бігус, тощо.... з політиків, ну довіряю депутатам, хто блокував трибуну, коли голосувати за ліквідацію незалежності НАБУ і САП",6,Зовсім не погоджуюсь,0 - Зовсім неприйнятно,Так
98,Так,10,2026-07-24 14:56:19,2026-07-24 14:59:25,Так,Так,Так,Жіноча,28,Запорізька,Ні,Ні,Ні,Ні,Так,Ні,Ні,Ні,,Запоріжжя,Ні,Ні,Ні,Так,Ні,Ні,,Так,Ні,Ні,Ні,,Повернути Федорова,Так,Безумовно так,Точно ні,Скоріше ні,3,6,1 - Зовсім не довіряю,5,3,4,Незалежні медіа,5,Не погоджуюсь,0 - Зовсім неприйнятно,Так
99,Ні,7,2026-07-24 14:57:40,2026-07-24 15:10:21,Так,Так,Так,Чоловіча,18,Запорізька,Ні,Ні,Так,Ні,Ні,Ні,Ні,Ні,,Запоріжжя,Ні,Ні,Так,Так,Ні,Ні,,Ні,Так,Ні,Так,,Натиснути на владу,Ні,Безумовно так,Скоріше ні,Безумовно так,2,6,1 - Зовсім не довіряю,7 - Повністю довіряю,5,5,,,,,
100,Так,10,2026-07-24 14:58:15,2026-07-24 15:12:08,Так,Так,Так,Чоловіча,32,Запорізька,Ні,Ні,Ні,Ні,Так,Ні,Ні,Ні,,Запоріжжя,Ні,Ні,Так,Ні,Ні,Ні,"Сергія Стернеко постійно дивлюсь, також в групі з минулого року почали писати про те щоб збирались й виходили.",Так,Ні,Ні,Ні,"Був в минулому році, тому є в групі телеграма.","Побудувати найкраще майбутнє України з найкращими людьми. 
Щоб нація не загинула, а навпаки розквітла.
Зробити щось, щоб були зміни на краще.
Якщо є можливість не мовчати, скористатися єю!
Мотивацію додало минулорічний успіх акції, недавня теж. І не було проблем, переслідування погроз мені.
А лідерам були.",Так,Безумовно так,Точно ні,Безумовно так,2,6,1 - Зовсім не довіряю,7 - Повністю довіряю,1 - Зовсім не довіряю,7 - Повністю довіряю,"Немає нікого, не цікавився. Може «Залізному депутату».",9,Зовсім не погоджуюсь,2,Так
101,Так,10,2026-07-24 14:58:19,2026-07-24 15:04:24,Так,Так,Так,Жіноча,21,Запорізька,Ні,Ні,Ні,Ні,Ні,Ні,Ні,Ні,"Дівчинка в якої уїбало кабом біля під'їзду, немає роботи,не навчаюся,наче громадська діячка",Запоріжжя,Ні,Ні,Так,Ні,Ні,Ні,,Так,Ні,Ні,Ні,,"Аби Україна була вільна,незалежна,без довбойобів,аби влада в першу чергу питала думки громадян,і щоб Україна не перетворювалася на русню",Так,Безумовно так,Безумовно так,Скоріше так,1 - Зовсім не довіряю,6,1 - Зовсім не довіряю,"Не знаю, хто це","Не знаю, хто це","Не знаю, хто це",Не знаю,0 - Ліві,Зовсім не погоджуюсь,Важко сказати,Так
102,Так,10,2026-07-24 15:00:29,2026-07-24 15:06:24,Так,Так,Так,Чоловіча,22,Волинська,Ні,Ні,Ні,Ні,Так,Ні,Ні,Ні,,Луцьк,Ні,Ні,Так,Ні,Ні,Так,,Так,Ні,Ні,Ні,,Звільнення Сирського та призначення Федорова міністром оборони,Ні,Безумовно так,Точно ні,Безумовно так,1 - Зовсім не довіряю,6,1 - Зовсім не довіряю,7 - Повністю довіряю,3,6,Федоров,8,"Наскільки погоджуюсь, настільки і не погоджуюсь",7,Ні
103,Так,10,2026-07-24 15:05:28,2026-07-24 15:16:13,Так,Так,Так,Чоловіча,27,Запорізька,Ні,Ні,Ні,Ні,Так,Ні,Ні,Ні,,Запоріжжя,Ні,Ні,Ні,Ні,Так,Ні,,Ні,Так,Ні,Ні,,"1. Чинити опір подальшій узурпації влади
2. Вплинути на ефективність оборонної політики/стратегії(сповільнити контр-реформи, спонукати до реформ)
3. Продемонструвати солідарність з Михайлом Федоровим",Так,Безумовно так,Точно ні,Безумовно так,1 - Зовсім не довіряю,6,2,6,3,5,"Ярослав Железняк, Анастасія Радіна",5,Зовсім не погоджуюсь,2,Так
104,Так,10,2026-07-24 15:11:21,2026-07-24 15:21:48,Так,Так,Так,Чоловіча,22,Запорізька,Ні,Ні,Ні,Ні,Ні,Ні,Ні,Так,,Запоріжжя,Ні,Так,Так,Ні,Ні,Ні,,Так,Ні,Ні,Ні,,Змінити країну на краще,Ні,Безумовно так,Скоріше ні,Безумовно так,4,6,1 - Зовсім не довіряю,5,"Не знаю, хто це",4,Михайло Федоров,0 - Ліві,Зовсім не погоджуюсь,Важко сказати,Так
105,Так,10,2026-07-24 15:11:42,2026-07-24 15:18:55,Так,Так,Так,Жіноча,27,Запорізька,Ні,Ні,Ні,Ні,Так,Ні,Ні,Ні,,Запоріжжя,Ні,Ні,Ні,Ні,Ні,Ні,Збиралась виходити у будь-якому випадку після відсутності комунікації чому ефективного МО прибрали з позиції через півроку роботи.,Ні,Так,Ні,Ні,,Повернути ефективного МО - М.Федорова або дати чітку прозору відповідь з якої причини його зняли з посади.,Так,Безумовно так,Точно ні,Безумовно так,3,6,2,6,3,5,"Михайло Федоров, Кирило Буданов, Інна Совсун",5,Зовсім не погоджуюсь,0 - Зовсім неприйнятно,Так
106,Ні,4,2026-07-24 15:32:55,2026-07-24 15:37:44,Так,Так,Так,Жіноча,33,Волинська,Ні,Ні,Ні,Ні,Так,Ні,Ні,Ні,,Луцьк,Ні,Так,Ні,Ні,Ні,Ні,Особисте обурення,Ні,Ні,Так,Ні,,,,,,,,,,,,,,,,,
107,Так,10,2026-07-24 15:41:55,2026-07-24 15:50:17,Так,Так,Так,Жіноча,22,Чернігівська,Ні,Ні,Так,Ні,Ні,Ні,Ні,Ні,,Чернігів,Ні,Ні,Так,Ні,Ні,Ні,,Так,Так,Ні,Ні,,"Як цивільна людина бути причетною до зміни системних проблем у нашій країні, поки військові виборюють це безпосередньо на війні",Так,Безумовно так,Важко відповісти,Важко відповісти,3,6,1 - Зовсім не довіряю,7 - Повністю довіряю,Важко сказати,5,"Інна Совсун, Федоров",8,Зовсім не погоджуюсь,3,Так
108,Так,10,2026-07-24 15:44:07,2026-07-24 15:47:44,Так,Так,Так,Жіноча,26,Волинська,Ні,Ні,Ні,Ні,Так,Ні,Ні,Ні,,Луцьк,Ні,Ні,Ні,Ні,Ні,Ні,просто дописи рандомних людей у стрічці,Ні,Так,Ні,Ні,,"Хочу щоб війна скоріш скінчилась, без нормальної армії вона не скінчиться ніколи",Ні,Безумовно так,Важко відповісти,Скоріше так,4,5,1 - Зовсім не довіряю,5,"Не знаю, хто це",Важко сказати,собі,4,Зовсім не погоджуюсь,0 - Зовсім неприйнятно,Ні
109,Так,10,2026-07-24 15:48:24,2026-07-24 16:02:09,Так,Так,Так,Жіноча,27,Запорізька,Ні,Ні,Ні,Ні,Так,Ні,Ні,Ні,,Запоріжжя,Ні,Ні,Ні,Ні,Ні,Ні,"Вийшла, бо мусила озвучити свою позицію. Знаю політичний простір у своєму місті, знаю що зазвичай виходим ввечері.",Так,Ні,Ні,Ні,"Та бо є культура протесту, і у будь-якому місті я швидко знайду той простір, під яким люди протестують.","1. Звільнення з посади головнокомандувача Сирського - уже досягли. 
2. Повернення на посаду міністра оборони М.Федорова: його підхід на масштабування технологій асиметричних відповідей та аналізу втрат за допомогою підходів big data analytics дає результати, але головне - надію на перемогу України. А надія - це рушій змін.",Ні,Безумовно так,Точно ні,Безумовно так,4,5,2,6,2,5,,8,Важко сказати,0 - Зовсім неприйнятно,Так
110,Так,10,2026-07-24 15:51:33,2026-07-24 16:07:05,Так,Так,Так,Чоловіча,19,Перебуваю за кордоном,Ні,Ні,Так,Ні,Так,Ні,Ні,Ні,,"Варшава, Луцьк",Ні,Ні,Так,Ні,Ні,Ні,"Обурення після прийнятих рішень, які не були обгрунтовані жодними поясненнями",Так,Ні,Так,Ні,Я організовував протест,"Основна мета: повернення Михайла Федорова на посаду міністра оборони України або отримання обґрунтування рішень та план наступних дій міністерства оборони України, у разі надання переваги іншому кандидату.
Друга мета: відставка Головкома ЗСУ Олександра Сирського",Так,Безумовно так,Скоріше ні,Безумовно так,4,7 - Повністю довіряю,2,7 - Повністю довіряю,5,6,"Михайло Федоров, Роман Лозинський, Роман Грищук",6,Не погоджуюсь,3,Так
111,Так,10,2026-07-24 15:55:01,2026-07-24 16:14:30,Так,Так,Так,Жіноча,24,м. Київ,Ні,Ні,Ні,Ні,Так,Ні,Ні,Ні,,Київ,Ні,Так,Так,Ні,Ні,Ні,,Так,Так,Ні,Ні,,"Повернення Федорова на посаду МО з метою збереження курсу на боротьбу з корупцією та попилом коштів на закупівлях для армії, а також діджиталізацію, розвиток та впровадження інноваційних технологій  у відповідній сфері",Ні,Безумовно так,Скоріше ні,Безумовно так,3,6,2,6,2,1 - Зовсім не довіряю,"Федоров, можливо Железняк",3,Зовсім не погоджуюсь,0 - Зовсім неприйнятно,Так
112,Так,10,2026-07-24 16:01:42,2026-07-24 16:12:20,Так,Так,Так,Жіноча,40,Волинська,Ні,Ні,Ні,Ні,Так,Ні,Ні,Ні,,Луцьк,Ні,Ні,Ні,Ні,Ні,Ні,Свідоме рішення,Так,Ні,Ні,Ні,,Боротьба за справедливість,Ні,Безумовно так,Точно ні,Важко відповісти,1 - Зовсім не довіряю,6,1 - Зовсім не довіряю,6,1 - Зовсім не довіряю,Важко сказати,"Гончаренко, Мазурашу",Важко сказати,Зовсім не погоджуюсь,0 - Зовсім неприйнятно,Ні
113,Так,10,2026-07-24 16:09:42,2026-07-24 16:20:59,Так,Так,Так,Жіноча,23,м. Київ,Ні,Ні,Ні,Ні,Ні,Ні,Ні,Так,,Київ,Ні,Так,Ні,Ні,Ні,Так,,Ні,Ні,Так,Так,,"Показати владі, що я та інші свідомі громадяни не готові терпіти як неправомірне усунення з посади людини, яка ефективно здійснювала свої обов'язки ( у цьому випадку стосується Михайла Федора), так і утримування осіб, що зловживають своїми повноваженнями та ставляться до підлеглих як до ""одноразок"" (наприклад, Сирського)",Так,Скоріше так,Скоріше ні,Скоріше так,2,5,1 - Зовсім не довіряю,5,Важко сказати,Важко сказати,"Михайлу Федорову, Михайлу Драпатому",2,Не погоджуюсь,2,Ні
114,Так,10,2026-07-24 16:20:27,2026-07-24 16:24:57,Так,Так,Так,Чоловіча,19,Волинська,Ні,Ні,Так,Ні,Ні,Ні,Ні,Ні,,Луцьк,Ні,Так,Так,Ні,Ні,Ні,,Так,Ні,Так,Так,,Проявити свою незгоду з рішеннями влади,Ні,Безумовно так,Скоріше ні,Скоріше так,2,6,1 - Зовсім не довіряю,7 - Повністю довіряю,"Не знаю, хто це",4,Федоров,6,Не погоджуюсь,0 - Зовсім неприйнятно,Ні
115,Так,10,2026-07-24 16:33:31,2026-07-24 16:37:37,Так,Так,Так,Чоловіча,23,Львівська,Ні,Ні,Ні,Ні,Так,Ні,Ні,Ні,,Львів,Ні,Так,Так,Ні,Ні,Ні,,Так,Ні,Ні,Ні,,Відстоюваання демократії,Так,Безумовно так,Скоріше ні,Скоріше так,4,6,2,7 - Повністю довіряю,2,4,"Федоров, Буданов, Железняк, Стерненко",7,Зовсім не погоджуюсь,1,Так
116,Так,10,2026-07-24 16:36:09,2026-07-24 16:46:34,Так,Так,Так,Жіноча,37,Чернігівська,Ні,Ні,Ні,Ні,Так,Ні,Ні,Ні,,Чернігів,Ні,Ні,Так,Ні,Ні,Ні,,Так,Ні,Ні,Так,,"1) Повернути ефективного міністра оборони, якого звільнили без жодних поважних причин, на посаду. 2) Прибрати Сирського ( done✅)",Ні,Безумовно так,Скоріше ні,Безумовно так,1 - Зовсім не довіряю,7 - Повністю довіряю,1 - Зовсім не довіряю,6,"Не знаю, хто це",6,Та нікому,0 - Ліві,Зовсім не погоджуюсь,0 - Зовсім неприйнятно,Ні
117,Так,10,2026-07-24 16:42:19,2026-07-24 16:50:21,Так,Так,Так,Жіноча,43,Одеська,Ні,Ні,Ні,Ні,Так,Ні,Ні,Ні,,Одеса,Ні,Ні,Так,Ні,Ні,Ні,,Ні,Так,Ні,Ні,,Мета - повернення Федорова на пост Міністра Оборони,Ні,Безумовно так,Точно ні,Безумовно так,2,7 - Повністю довіряю,2,5,Важко сказати,5,Федоров,Важко сказати,Зовсім не погоджуюсь,Важко сказати,Ні
118,Так,10,2026-07-24 16:42:47,2026-07-24 16:47:38,Так,Так,Так,Жіноча,28,Волинська,Ні,Ні,Ні,Ні,Так,Ні,Ні,Ні,Дотична до фонду допомоги війську,Луцьк,Ні,Так,Ні,Ні,Ні,Ні,,Так,Ні,Ні,Так,,Краще теперішнє і майбутнє України,Так,Безумовно так,Скоріше ні,Скоріше так,4,7 - Повністю довіряю,1 - Зовсім не довіряю,7 - Повністю довіряю,Важко сказати,4,Інна Совсун,0 - Ліві,Зовсім не погоджуюсь,0 - Зовсім неприйнятно,Так
119,Так,10,2026-07-24 17:18:11,2026-07-24 17:22:58,Так,Так,Так,Жіноча,20,Запорізька,Ні,Ні,Ні,Ні,Так,Ні,Ні,Ні,,Запоріжжя,Ні,Ні,Ні,Так,Ні,Ні,,Так,Ні,Ні,Ні,,Якщо не буде Федорова з хвилею російської мобілізації ми боротися не зможемо,Так,Безумовно так,Важко відповісти,Скоріше так,3,7 - Повністю довіряю,1 - Зовсім не довіряю,6,"Не знаю, хто це",2,"Федоров, Драпатий",0 - Ліві,Зовсім не погоджуюсь,0 - Зовсім неприйнятно,Ні
120,Так,10,2026-07-24 17:54:16,2026-07-24 18:19:59,Так,Так,Так,Жіноча,37,Закарпатська,Ні,Ні,Ні,Ні,Так,Ні,Ні,Ні,,Ужгород,Ні,Ні,Ні,Ні,Ні,Ні,"Побачила оголошення в Facebook про мирну акцію в Києві, тому також пішла на площу у своєму місці на той самий час",Ні,Ні,Ні,Ні,Facebook,Моя мета - системні зміни в державі: повернення суб'єктності Верховної ради і відмова від ручного управління на користь створення сильних процедур в інституціях.,Так,Безумовно так,Скоріше ні,Скоріше ні,2,3,2,4,2,3,"Я нікому з політичних діячів не довіряю. Вважаю, що держава має створювати сильні інституції.",5,Зовсім не погоджуюсь,0 - Зовсім неприйнятно,Так
121,Ні,5,2026-07-24 18:16:41,2026-07-24 18:18:29,Так,Так,Так,Чоловіча,20,Сумська,Ні,Ні,Так,Так,Ні,Ні,Ні,Ні,,Чернігів,Ні,Ні,Ні,Ні,Так,Ні,,Ні,Так,Ні,Ні,,,,,,,,,,,,,,,,,
122,Так,10,2026-07-24 19:05:17,2026-07-24 20:15:44,Так,Так,Так,Жіноча,18,м. Київ,Ні,Ні,Так,Ні,Ні,Ні,Ні,Ні,,Київ,Так,Ні,Так,Ні,Ні,Ні,,Ні,Так,Ні,Ні,,Повернення дієвого міністра на посаду,Так,Скоріше так,Точно ні,Скоріше так,Важко сказати,5,2,4,Важко сказати,3,,Важко сказати,Не погоджуюсь,6,Так
123,Ні,5,2026-07-24 19:54:53,2026-07-24 19:56:42,Так,Так,Так,Жіноча,27,Волинська,Ні,Ні,Ні,Ні,Так,Ні,Ні,Ні,,Луцьк,Ні,Так,Ні,Ні,Ні,Ні,,Ні,Ні,Ні,Так,,,,,,,,,,,,,,,,,
124,Ні,5,2026-07-24 20:28:21,2026-07-24 20:30:18,Так,Так,Так,Жіноча,18,Волинська,Так,Ні,Ні,Ні,Ні,Ні,Ні,Ні,,Луцьк,Ні,Ні,Так,Ні,Ні,Ні,,Так,Ні,Ні,Ні,,,,,,,,,,,,,,,,,
125,Так,10,2026-07-24 20:47:54,2026-07-24 20:52:32,Так,Так,Так,Жіноча,23,Харківська,Ні,Ні,Ні,Ні,Так,Ні,Ні,Ні,,Харків,Ні,Так,Так,Ні,Ні,Ні,,Ні,Так,Ні,Ні,,Бездіяльність  вбиває,Так,Скоріше так,Скоріше так,Скоріше так,3,5,1 - Зовсім не довіряю,5,3,"Не знаю, хто це",,5,Не погоджуюсь,10 - Цілком прийнятно,Так
126,Так,10,2026-07-24 21:30:29,2026-07-24 21:35:37,Так,Так,Так,Чоловіча,27,Закарпатська,Ні,Ні,Ні,Ні,Так,Ні,Ні,Ні,,Київ,Ні,Ні,Так,Ні,Ні,Ні,,Так,Так,Так,Ні,,"Мета висловити невдоволення зміною міністра оборони Федорова, який за собою не мав значних погрішностей на посту, а також висловити невдоволення, що однією з причин звільнення федорова був конфлікт з сирськии, який є виразником радянськості армії і неодноразово критикувався військовими",Так,Безумовно так,Точно ні,Скоріше ні,1 - Зовсім не довіряю,5,2,5,2,3,"Жодному в повній мірі, тому не виділяю нікого",6,Не погоджуюсь,2,Так
127,Так,10,2026-07-24 23:33:28,2026-07-24 23:55:34,Так,Так,Так,Жіноча,22,Харківська,Ні,Ні,Ні,Ні,Так,Ні,Ні,Ні,,Харків,Ні,Ні,Так,Ні,Ні,Ні,,Так,Ні,Ні,Ні,,"Проявити свою громадянську позицію та дотиснути владу прийняти правильні рішення: повернути Федорова на посаду МО, зняти з посади головкому сирського, продовжити реформи у сфері оборони.",Ні,Безумовно так,Важко відповісти,Важко відповісти,2,7 - Повністю довіряю,1 - Зовсім не довіряю,7 - Повністю довіряю,1 - Зовсім не довіряю,4,"Стерненко, Драпатий, Федоров",Важко сказати,Не погоджуюсь,0 - Зовсім неприйнятно,Так
128,Так,10,2026-07-25 04:07:18,2026-07-25 04:14:33,Так,Так,Так,Жіноча,22,Волинська,Ні,Ні,Ні,Ні,Так,Ні,Ні,Ні,,Луцьк,Ні,Так,Так,Ні,Ні,Ні,,Ні,Так,Ні,Ні,,"Не бачила ґрунтовної логіки у рішенні президента прибрати Федорова з посади МО, дізналася про мітинги і не хотіла бути осторонь, тому приєдналась",Ні,Безумовно так,Важко відповісти,Важко відповісти,4,6,1 - Зовсім не довіряю,5,4,4,,5,Не погоджуюсь,1,Ні
129,Так,10,2026-07-25 07:32:05,2026-07-25 07:47:03,Так,Так,Так,Чоловіча,34,Запорізька,Ні,Ні,Ні,Ні,Так,Ні,Ні,Ні,,"Запоріжжя , Дніпро",Ні,Так,Так,Ні,Ні,Ні,,Так,Ні,Ні,Ні,,"Проти корупції , за повернення міністра оборони на посаду , тобто внесення президентом кандидатури Михайла Федорова на посаду міністра оборони до ВРУ .
Друга причина котра вже зʼявилася потім це також призначення повноцінного голову СБУ НЕ т. В.О.",Так,Безумовно так,Скоріше ні,Скоріше так,4,7 - Повністю довіряю,4,7 - Повністю довіряю,4,6,"Порошенко  , Яценюк , Малюк, Федоров Михайло, , Зеленський (+\-)",Важко сказати,"Наскільки погоджуюсь, настільки і не погоджуюсь",10 - Цілком прийнятно,Так
130,Так,10,2026-07-25 07:33:32,2026-07-25 07:38:52,Так,Так,Так,Чоловіча,20,Волинська,Ні,Ні,Ні,Ні,Так,Ні,Ні,Ні,,Луцьк,Ні,Ні,Ні,Ні,Ні,Ні,-,Так,Так,Ні,Ні,,Зміна президента,Ні,Безумовно так,Скоріше ні,Безумовно так,2,7 - Повністю довіряю,1 - Зовсім не довіряю,7 - Повністю довіряю,3,7 - Повністю довіряю,Януковичу),7,Зовсім не погоджуюсь,Важко сказати,Ні
131,Так,10,2026-07-25 08:08:09,2026-07-25 08:14:08,Так,Так,Так,Жіноча,28,Київська,Ні,Ні,Ні,Ні,Так,Ні,Ні,Ні,,Київ,Ні,Ні,Так,Ні,Ні,Ні,,Так,Ні,Ні,Ні,,"Свідоме громадянське волевиявлення з приводу принципових кадрових питань для оборонної та політичної спроможності України (МО, Головко, МінВет)",Ні,Безумовно так,Скоріше ні,Важко відповісти,5,5,1 - Зовсім не довіряю,6,3,4,"Зеленський, Драпатый, Федорів, Свириденко",7,Зовсім не погоджуюсь,4,Так
132,Так,10,2026-07-25 10:13:18,2026-07-25 10:19:28,Так,Так,Так,Жіноча,22,м. Київ,Ні,Ні,Так,Ні,Так,Ні,Ні,Ні,,Київ,Ні,Так,Так,Ні,Ні,Ні,,Так,Так,Ні,Так,,"відстояти правду, погляд народу",Ні,Безумовно так,Точно ні,Скоріше так,4,6,2,6,"Не знаю, хто це",5,"федоров, драпатий",2,Зовсім не погоджуюсь,4,Так
133,Так,10,2026-07-25 11:09:22,2026-07-25 11:13:04,Так,Так,Так,Жіноча,23,м. Київ,Ні,Ні,Так,Ні,Ні,Ні,Ні,Ні,,Київ,Ні,Ні,Так,Ні,Ні,Ні,,Так,Так,Так,Так,,Проявити волевиявлення,Ні,Скоріше так,Точно ні,Скоріше ні,5,6,Важко сказати,4,Важко сказати,Важко сказати,,4,Не погоджуюсь,2,Так
134,Так,10,2026-07-25 11:09:57,2026-07-25 11:12:52,Так,Так,Так,Жіноча,25,Сумська,Ні,Ні,Ні,Ні,Так,Ні,Ні,Ні,,Київ,Ні,Ні,Так,Ні,Ні,Ні,,Так,Так,Ні,Ні,,"повернути Федорова на посаду міністра МОУ, звільнення Мирського, перебирання міністра ветеранів",Так,Безумовно так,Скоріше так,Скоріше так,1 - Зовсім не довіряю,7 - Повністю довіряю,1 - Зовсім не довіряю,7 - Повністю довіряю,4,5,"Хмара, Драпатий, Федоров",5,Зовсім не погоджуюсь,5,Так
135,Так,10,2026-07-25 11:22:47,2026-07-25 11:28:43,Так,Так,Так,Чоловіча,32,м. Київ,Ні,Ні,Ні,Ні,Так,Ні,Ні,Ні,,Київ,Ні,Ні,Так,Ні,Ні,Ні,,Ні,Так,Ні,Ні,,підтримка реформації армії та відхід від совкого-м'ясного керування військом. протест призначення підслідних мусорів на посади міністрів. протидія корупції в закупівлях. вимога реформи ДБР.,Так,Безумовно так,Скоріше так,Скоріше так,1 - Зовсім не довіряю,6,1 - Зовсім не довіряю,7 - Повністю довіряю,1 - Зовсім не довіряю,6,"Лозинський, Юрчишин, Железняк",Важко сказати,Зовсім не погоджуюсь,0 - Зовсім неприйнятно,Так
136,Так,10,2026-07-25 12:18:46,2026-07-25 12:23:29,Так,Так,Так,Чоловіча,20,Волинська,Ні,Ні,Так,Ні,Так,Ні,Ні,Ні,,Луцьк,Ні,Ні,Так,Ні,Ні,Так,,Так,Ні,Так,Так,,"Відстояти справедливе, на мою думку, рішення та позицію",Ні,Скоріше так,Скоріше так,Скоріше ні,4,7 - Повністю довіряю,1 - Зовсім не довіряю,7 - Повністю довіряю,1 - Зовсім не довіряю,4,"Федоров, Буданов, Білецький",7,Не погоджуюсь,0 - Зовсім неприйнятно,Так
137,Так,10,2026-07-25 12:33:52,2026-07-25 12:36:13,Так,Так,Так,Жіноча,24,м. Київ,Ні,Ні,Ні,Ні,Так,Ні,Ні,Ні,,Київ,Ні,Ні,Ні,Так,Ні,Ні,,Так,Ні,Ні,Ні,,,Так,Безумовно так,Точно ні,Скоріше так,2,6,3,7 - Повністю довіряю,3,Важко сказати,,5,Не погоджуюсь,0 - Зовсім неприйнятно,Так
138,Так,10,2026-07-25 22:11:50,2026-07-25 22:19:42,Так,Так,Так,Жіноча,19,Волинська,Ні,Ні,Так,Ні,Так,Ні,Ні,Ні,,Луцьк,Ні,Так,Так,Ні,Ні,Ні,,Так,Ні,Ні,Ні,,"Змінити хибне рішення нашої влади щодо Федорова і усунути з посади Сирського замінивши його надійною людиною, якій довіряють військові.",Так,Безумовно так,Скоріше ні,Безумовно так,4,6,2,6,4,Важко сказати,Драпатому,1,Не погоджуюсь,0 - Зовсім неприйнятно,Ні
139,Так,10,2026-07-26 06:55:43,2026-07-26 07:03:16,Так,Так,Так,Чоловіча,23,м. Київ,Ні,Ні,Так,Ні,Ні,Ні,Ні,Ні,,Київ,Ні,Ні,Ні,Ні,Ні,Ні,Побачиві рішення влади,Так,Так,Ні,Так,,"Повернути Федорова на посаду, аби він зробив хороші оборонні закупівлі й покращив становище війська й країни",Так,Безумовно так,Точно ні,Безумовно так,3,7 - Повністю довіряю,3,6,1 - Зовсім не довіряю,5,"Федоров, Клічук, ДемСокира",9,Зовсім не погоджуюсь,2,Ні
140,Так,10,2026-07-26 13:07:39,2026-07-26 13:21:57,Так,Так,Так,Жіноча,50,Черкаська,Ні,Ні,Ні,Ні,Так,Ні,Ні,Ні,,Одеса,Ні,Так,Так,Ні,Ні,Ні,,Так,Ні,Ні,Ні,,"Я проти пересування по кріслам тих самих корупціонерів .  Президент обіцяв перезавантаження влади , і сам його скасовує. Одні зашкварні ходять по колу. Я проти СБУ в міністерствах. Ми не росія. 
Я як виборець потребую пояснень подібних дій від президента. Не виправдань.",Так,Безумовно так,Точно ні,Безумовно так,Важко сказати,7 - Повністю довіряю,2,7 - Повністю довіряю,1 - Зовсім не довіряю,1 - Зовсім не довіряю,"Іллєнко, Стерненко, Федоров, Сибіга",3,Зовсім не погоджуюсь,0 - Зовсім неприйнятно,Ні
141,Так,10,2026-07-26 14:18:10,2026-07-26 14:23:30,Так,Так,Так,Жіноча,52,Харківська,Ні,Ні,Ні,Ні,Так,Ні,Ні,Ні,,Харк ів,Ні,Ні,Так,Ні,Ні,Ні,,Так,Ні,Ні,Ні,,Хочу перебудови армії та перемоги України!,Так,Безумовно так,Точно ні,Безумовно так,1 - Зовсім не довіряю,7 - Повністю довіряю,1 - Зовсім не довіряю,7 - Повністю довіряю,3,4,"Федоров, Драпатий, Терехов",5,Зовсім не погоджуюсь,10 - Цілком прийнятно,Ні
142,Так,10,2026-07-26 15:41:09,2026-07-26 15:44:46,Так,Так,Так,Жіноча,18,Київська,Ні,Ні,Так,Ні,Так,Ні,Ні,Ні,,Київ,Так,Так,Ні,Ні,Ні,Ні,,Ні,Ні,Так,Так,,Створення міцної країни,Так,Скоріше так,Скоріше ні,Важко відповісти,4,6,1 - Зовсім не довіряю,4,"Не знаю, хто це","Не знаю, хто це","Федоров, Буданов",Важко сказати,"Наскільки погоджуюсь, настільки і не погоджуюсь",0 - Зовсім неприйнятно,Ні
143,Так,10,2026-07-27 09:40:44,2026-07-27 09:47:18,Так,Так,Так,Жіноча,33,Черкаська,Ні,Ні,Ні,Ні,Так,Ні,Ні,Ні,,"Черкаси, Київ, ще вийду у Львові 1.08.26",Ні,Так,Так,Ні,Ні,Ні,,Так,Так,Ні,Ні,,"Повернути людину з досвідом, знаннями та ефективним підходом (Федорова) на посаду Міністра, або отримати роз'яснення від президента чому ми маємо його не повертати.",Так,Безумовно так,Скоріше ні,Скоріше так,2,6,2,6,2,4,Маємо велику з цим проблему.,Важко сказати,Зовсім не погоджуюсь,0 - Зовсім неприйнятно,Так
144,Так,10,2026-07-27 09:40:58,2026-07-27 09:49:18,Так,Так,Так,Жіноча,26,Черкаська,Ні,Ні,Ні,Ні,Ні,Ні,Ні,Так,,Черкаси,Ні,Ні,Ні,Ні,Ні,Ні,"Хотіла висловити невдоволення і була впевнена, що буде хтось збиратися",Так,Так,Ні,Так,,"Дотиснути зміни.
Спершу ми виходили за відставку Сирського та повернення Федорова міністром оборони. Зараз у мене немає надії, що протести призведуть до призначення Федорова найближчим часом, але я досі вважаю, що протести підштовхують президента до висування його кандидатури на цю посаду в серпні.",Так,Скоріше так,Точно ні,Скоріше так,4,7 - Повністю довіряю,2,7 - Повністю довіряю,Важко сказати,4,Немає кого додати до списку.,6,Зовсім не погоджуюсь,1,Ні
145,Так,10,2026-07-27 09:41:40,2026-07-27 09:46:05,Так,Так,Так,Жіноча,25,Черкаська,Ні,Ні,Ні,Ні,Так,Ні,Ні,Ні,,Черкаси,Ні,Ні,Так,Ні,Ні,Ні,,Так,Ні,Ні,Ні,,"Хочу позитивних змін в країні, які посприяють завершенню війни",Так,Безумовно так,Скоріше ні,Скоріше так,3,7 - Повністю довіряю,1 - Зовсім не довіряю,5,3,3,"На привеликий жаль таких немає, оскільки що не морда то куропцвйеа схема, на цьому фоні Федоров виглядає як надія",8,Зовсім не погоджуюсь,0 - Зовсім неприйнятно,Так
146,Так,10,2026-07-27 09:46:33,2026-07-27 09:51:40,Так,Так,Так,Жіноча,33,Черкаська,Ні,Ні,Ні,Ні,Так,Ні,Ні,Ні,,Черкаси,Ні,Ні,Так,Ні,Ні,Ні,,Ні,Так,Ні,Ні,,Показати владі що була зроблена помилка в кадрових рішеннях. Основна ціль - повернути Федорова на посаду Міністра Оборони.,Так,Безумовно так,Скоріше ні,Безумовно так,3,6,1 - Зовсім не довіряю,6,1 - Зовсім не довіряю,5,важко відповісти,Важко сказати,Зовсім не погоджуюсь,10 - Цілком прийнятно,Так
147,Так,10,2026-07-27 09:48:03,2026-07-27 09:53:02,Так,Так,Так,Жіноча,29,Київська,Ні,Ні,Ні,Ні,Так,Ні,Ні,Ні,,"Київ, Черкаси",Ні,Так,Так,Ні,Ні,Ні,,Так,Ні,Ні,Ні,,"Моя участь у мітингу - реакція на рішення влади, з якими я не згодна. Я хотіла, щоб голос народу почули і дослухались",Ні,Безумовно так,Скоріше ні,Скоріше ні,2,5,2,5,4,5,"Повноцінно нікому. Є віра в окремі постаті як Федоров, Драпатий",8,Не погоджуюсь,2,Так
148,Так,10,2026-07-27 09:48:08,2026-07-27 10:15:54,Так,Так,Так,Жіноча,18,Черкаська,Ні,Ні,Так,Ні,Ні,Ні,Ні,Ні,,"Черкаси, Львів",Так,Так,Ні,Ні,Ні,Ні,,Ні,Так,Ні,Так,,"Мета як і у всих інших досягти повернення Федорова, також показати, що українцям не байдуже і нас багато таких. Війна дронами краще ніж людьми.",Так,Безумовно так,Важко відповісти,Важко відповісти,6,6,1 - Зовсім не довіряю,6,"Не знаю, хто це",5,Повністю довіряти нікому не можна,0 - Ліві,Зовсім не погоджуюсь,0 - Зовсім неприйнятно,Ні
149,Так,10,2026-07-27 09:48:20,2026-07-27 09:52:09,Так,Так,Так,Жіноча,28,Черкаська,Ні,Ні,Ні,Ні,Так,Ні,Ні,Ні,Служба б дфтг,Черкаси,Ні,Так,Так,Ні,Ні,Ні,,Так,Ні,Ні,Ні,,"Мета - мітинги з більшою кількістю людей привертають більше уваги та видаються більш серйозними. Моя участь - вклад в те, щоб мене і народ почули та поставились до цього відповідально",Ні,Безумовно так,Скоріше ні,Скоріше так,2,7 - Повністю довіряю,1 - Зовсім не довіряю,7 - Повністю довіряю,2,5,"Федоров, Грищук",5,Не погоджуюсь,0 - Зовсім неприйнятно,Так
150,Так,10,2026-07-27 09:48:52,2026-07-27 09:56:04,Так,Так,Так,Жіноча,26,м. Київ,Ні,Ні,Ні,Ні,Так,Ні,Ні,Ні,,"Київ, Черкаси",Ні,Ні,Ні,Ні,Ні,Ні,"Відразу, як стало відомо, що Федорова зняли, пішла на протест у перший день, і пропустила за весь час може тричі",Так,Ні,Ні,Ні,,"Спершу це про повернення Федорова, далі було і про зняття Сирського (була щаслива, коли поставили драпатого), але зараз – це загально про ПОЧУТИ СУСПІЛЬСТВО. Чому президент думає, що може звільняти уряд, бо йому захотілось? Він схоже перестав відчувати, що зараз не 2022,23,24 рік, коли ми ще якось заплющували очі, бо все таки війна, він єдиний легітимний. Але так не бачити змін після літа 2025, після кризи з НАБУ і САП, ну це піздєц
Тому мета: повернути Федорова і не скочуватися і диктатуру",Так,Безумовно так,Скоріше ні,Важко відповісти,2,7 - Повністю довіряю,1 - Зовсім не довіряю,7 - Повністю довіряю,Важко сказати,6,"Федоров, Драпатий, Хмара (але він має очолити СБУ), Буданову +-",5,"Наскільки погоджуюсь, настільки і не погоджуюсь",Важко сказати,Ні
151,Так,10,2026-07-27 09:49:48,2026-07-27 10:03:19,Так,Так,Так,Чоловіча,33,Черкаська,Ні,Ні,Ні,Ні,Так,Ні,Ні,Ні,,"Черкаси, Київ",Ні,Так,Так,Ні,Ні,Ні,,Так,Ні,Ні,Ні,,"Соціальний тиск після сумнівних рішень прийнятих керівним апаратом держави необхідний незалежно від результатів цього тиску. Без нього країна неминуче робить кроки в напрямку авторитаризму та/або тоталітаризму. Мета участі: Підвищення ефективності управління та менеджменту в МО та підвищення боєздатності війська шляхом вимог до влади призначити на керівні посади людей, котрі довели свою ефективність попередньою роботою.",Так,Безумовно так,Скоріше ні,Скоріше так,5,5,2,5,2,4,"Довіра - дивний критерій оцінки. Я не довіряю політикам. Річ не в довірі, а в результатах, які вони демонструють.",Важко сказати,Зовсім не погоджуюсь,0 - Зовсім неприйнятно,Так
152,Так,10,2026-07-27 09:50:12,2026-07-27 10:15:44,Так,Так,Так,Жіноча,18,Черкаська,Ні,Ні,Ні,Ні,Так,Ні,Ні,Ні,,Черкаси,Ні,Ні,Так,Ні,Ні,Ні,,Так,Ні,Ні,Ні,,"Повернення Михайла Фдеорова на посаду МО; призначення ВЕТЕРАНА міністром ветеранів замість Віталія Кіма. Для мене важливо бути голосом військових, які перебувають на фронті і не можуть висловити свою позицію",Так,Безумовно так,Важко відповісти,Безумовно так,3,5,2,7 - Повністю довіряю,Важко сказати,6,"Інна Совсун, Кирило Буданов",4,Зовсім не погоджуюсь,0 - Зовсім неприйнятно,Ні
153,Так,10,2026-07-27 09:51:59,2026-07-27 09:55:15,Так,Так,Так,Жіноча,24,Черкаська,Ні,Ні,Ні,Ні,Так,Ні,Ні,Ні,,Черкаси,Ні,Так,Ні,Так,Ні,Ні,,Так,Ні,Ні,Ні,,"Для мене ці зібрання - це законний спосіб бути почутою та показати, що суспільству не байдуже.",Так,Безумовно так,Скоріше ні,Безумовно так,4,7 - Повністю довіряю,1 - Зовсім не довіряю,7 - Повністю довіряю,5,5,"Найбільше я довіряю тим українським політичним діячам, чиї рішення підкріплені конкретними результатами, прозорою комунікацією та відповідальністю перед суспільством. Для мене довіра не є безумовною - вона залежить від послідовності дій, професійності та готовності визнавати помилки.",3,Не погоджуюсь,2,Ні
154,Так,10,2026-07-27 09:53:59,2026-07-27 10:10:13,Так,Так,Так,Жіноча,49,Житомирська,Ні,Ні,Ні,Ні,Так,Ні,Ні,Ні,,Житомир,Ні,Ні,Ні,Ні,Ні,Ні,Незрозумілі дії Зеленського змусили вийти на протест,Ні,Ні,Так,Ні,,"Безглузді, неконституційні дії Зеленського: під час війни кожні півроку/ рік змінює високопосадовців, тих, хто « зашкварився» не саджає, а відправляє послами за кордон. Хто намагається боротися з корупцією відправляє « в небуття»",Ні,Скоріше так,Важко відповісти,Важко відповісти,1 - Зовсім не довіряю,4,2,7 - Повністю довіряю,1 - Зовсім не довіряю,Важко сказати,"Залужний, Драпатий, Мадяр",5,Зовсім не погоджуюсь,0 - Зовсім неприйнятно,Ні
155,Так,10,2026-07-27 09:55:30,2026-07-27 09:59:32,Так,Так,Так,Чоловіча,27,Черкаська,Ні,Ні,Ні,Ні,Так,Ні,Ні,Ні,,Черкаси,Ні,Так,Ні,Ні,Ні,Так,,Так,Ні,Ні,Ні,,Прийняття логічних дій в організаційних питаннях держави,Так,Скоріше так,Точно ні,Скоріше так,3,5,2,5,Важко сказати,Важко сказати,Важко сказати,4,Не погоджуюсь,2,Ні
156,Так,10,2026-07-27 09:59:41,2026-07-27 10:04:53,Так,Так,Так,Жіноча,29,Черкаська,Ні,Ні,Ні,Ні,Так,Ні,Ні,Ні,,Черкаси,Ні,Ні,Ні,Так,Ні,Ні,,Так,Ні,Ні,Ні,,"Мені не байджуже, що відбувається у моїй країні. За 4 роки повномасштабної війни я так само включена у суспільно-політичні події, як і у 2022. Для мене важливо виходити на акції протесту, оскільки я вірю, що так впливаю на розвиток демократії та підтримку процесів, які збережуть нашу країну. Ні одноосібним рішенням, кишеньковим батальйонам і свавіллю під час війни.",Так,Безумовно так,Скоріше ні,Безумовно так,3,7 - Повністю довіряю,1 - Зовсім не довіряю,7 - Повністю довіряю,Важко сказати,Важко сказати,"Окрім згаданих, Лозинський, Гудименко, Берлінська",5,Не погоджуюсь,0 - Зовсім неприйнятно,Так
157,Так,10,2026-07-27 10:02:57,2026-07-27 10:15:56,Так,Так,Так,Жіноча,26,Черкаська,Ні,Ні,Ні,Ні,Так,Ні,Ні,Ні,Займаюсь творчістю,Черкаси,Ні,Так,Ні,Ні,Ні,Ні,,Ні,Так,Ні,Ні,,"Щоб влада почула народ і залишила Михайла Федорова МО, також виступала за звільнення сирського",Так,Скоріше так,Важко відповісти,Скоріше так,4,6,1 - Зовсім не довіряю,5,"Не знаю, хто це","Не знаю, хто це","Тим, кого знаю особисто (Віктор Євпак)",Важко сказати,Зовсім не погоджуюсь,Важко сказати,Ні
158,Ні,7,2026-07-27 10:03:12,2026-07-27 10:08:48,Так,Так,Так,Жіноча,18,Черкаська,Ні,Ні,Ні,Ні,Ні,Ні,Ні,Так,,Черкаси,Так,Ні,Ні,Ні,Ні,Так,,Так,Ні,Ні,Ні,,"Побачити справедливе рішення щодо посади міністра оборони України. Побачити що народ чують, що до нього прислухаються.",Так,Безумовно так,Скоріше ні,Безумовно так,,,,,,,,,,,
159,Так,10,2026-07-27 10:03:36,2026-07-27 10:10:08,Так,Так,Так,Жіноча,19,Черкаська,Ні,Ні,Так,Ні,Так,Ні,Ні,Ні,,Черкаси,Ні,Ні,Так,Ні,Ні,Ні,,Так,Ні,Ні,Ні,,Хочу жити в країні де за ефективність не карають.,Так,Безумовно так,Скоріше ні,Скоріше так,4,5,2,6,Важко сказати,Важко сказати,,7,"Наскільки погоджуюсь, настільки і не погоджуюсь",1,Ні
160,Так,10,2026-07-27 10:17:37,2026-07-27 10:26:18,Так,Так,Так,Чоловіча,24,Черкаська,Ні,Ні,Так,Ні,Ні,Ні,Ні,Ні,,Черкаси,Так,Ні,Ні,Ні,Ні,Ні,,Так,Ні,Ні,Ні,,Підтримка близьких та боротьба із необґрунтованими та неефективними рішеннями у владі,Так,Скоріше так,Важко відповісти,Важко відповісти,Важко сказати,Важко сказати,Важко сказати,Важко сказати,Важко сказати,Важко сказати,"Жодному, так як не володію достатньою інформацією для проведення оцінки.",Важко сказати,Не погоджуюсь,Важко сказати,Так
161,Так,10,2026-07-27 10:25:23,2026-07-27 10:29:15,Так,Так,Так,Жіноча,27,Черкаська,Ні,Ні,Ні,Ні,Так,Ні,Ні,Ні,,Черкаси,Ні,Ні,Так,Ні,Ні,Так,,Ні,Так,Ні,Ні,,Донести владі свою точку зору неприйняття їх рішень,Ні,Скоріше ні,Точно ні,Скоріше ні,3,6,2,6,3,5,"Федорову, Драпатому",3,Не погоджуюсь,1,Ні
162,Ні,7,2026-07-27 10:28:07,2026-07-27 10:40:41,Так,Так,Так,Жіноча,21,м. Київ,Ні,Ні,Ні,Ні,Так,Ні,Ні,Ні,,Київ,Ні,Ні,Так,Ні,Ні,Ні,,Ні,Так,Ні,Ні,,бажання якнайскоріше закінчити війну і далі продовжувати жити в україні як державі яка входить в єс,Ні,Безумовно так,Скоріше ні,Важко відповісти,,,,,,,,,,,
163,Так,10,2026-07-27 10:32:16,2026-07-27 10:37:03,Так,Так,Так,Жіноча,20,Черкаська,Ні,Ні,Так,Ні,Ні,Ні,Ні,Ні,,Черкаси,Ні,Так,Ні,Ні,Ні,Ні,,Так,Ні,Ні,Ні,,"якщо моя присутність може допомогти в прийнятті правильних рішень владою, то я маю прийти",Так,Безумовно так,Скоріше ні,Важко відповісти,2,Важко сказати,1 - Зовсім не довіряю,Важко сказати,Важко сказати,Важко сказати,нікому,2,Не погоджуюсь,5,Ні
164,Так,10,2026-07-27 10:36:16,2026-07-27 10:46:33,Так,Так,Так,Жіноча,29,Черкаська,Ні,Ні,Ні,Ні,Так,Ні,Ні,Ні,,Черкаси,Ні,Так,Ні,Ні,Ні,Так,,Так,Ні,Ні,Ні,,"Нагадати владі, що навіть у воєнний час джерелом влади є народ та донести свою громадянську позицію.",Так,Безумовно так,Скоріше так,Безумовно так,2,6,1 - Зовсім не довіряю,7 - Повністю довіряю,1 - Зовсім не довіряю,5,"Я не довіряю жодному політичному діячу. На мою думку, дуже небезпечно довіряти комусь з політиків, я радше поділяю погляди деяких політиків на певні ситуації. До таких діячів я можу віднести, на сьогоднішній день, - Я. Железняк та І. Совсун",Важко сказати,Зовсім не погоджуюсь,2,Ні
165,Так,10,2026-07-27 10:39:07,2026-07-27 11:03:27,Так,Так,Так,Жіноча,39,Черкаська,Ні,Ні,Ні,Ні,Так,Ні,Ні,Ні,,Черкаси,Ні,Так,Так,Ні,Ні,Ні,,Так,Ні,Ні,Ні,,"Підтримати людей небайдужих до долі нашої країни, хочу щоб влада приймала правильні рішення які не шкодять а навпаки допомагають боротись з ворогом",Так,Скоріше так,Скоріше ні,Скоріше ні,3,6,1 - Зовсім не довіряю,6,Важко сказати,Важко сказати,Терехов І.О.,Важко сказати,Зовсім не погоджуюсь,0 - Зовсім неприйнятно,Ні
166,Так,10,2026-07-27 10:46:50,2026-07-27 11:04:24,Так,Так,Так,Жіноча,28,Черкаська,Ні,Ні,Ні,Ні,Так,Ні,Ні,Ні,,"Київ, Черкаси",Ні,Так,Ні,Ні,Ні,Ні,"Взагалі після оприлюднення рішення відставки Федорова я одразу зрозуміла, що будуть протести та просто шукала інформацію про дату та час в тредс, змі тощо.",Ні,Так,Ні,Ні,"Осередком збору був Тредс. На той момент не було ще ніяких спеціальних груп, каналів, присвячених протестам","Федоров - символ системних змін, яких так потребує наша країна. Я побачила дійсно ефективні рішення, які покращили ситуацію на фронті, зменшили втрати наших дорогих захисників. Завдяки цьому я теж вирішила приєднатися до війська. 
Далі. Для мене його команда намагалась створити сильну інституцію, що є дуже важливим для нашої держави. 
Я свідомо до цього закривала очі на розкрадання з боку влади, бо сподівалась, що вони теж щось роблять для нашої перемоги. Але це була помилка. Тому зараз, відчуваючи свою відповідальність, я виходжу на мітинги. Щоб моя країна була сильною, незалежною. Бо зміни починаються з кожного з нас. 
Думаю, ми просто зрозуміли, що зобовʼязані мати ефективних менеджерів при владі. Ми і так це розуміли, насправді, але Федоров вивіз це на новий рівень) 
Тому. Стояли, стоїмо і будемо стояти",Так,Безумовно так,Точно ні,Важко відповісти,1 - Зовсім не довіряю,7 - Повністю довіряю,1 - Зовсім не довіряю,6,3,4,Федорову),2,Зовсім не погоджуюсь,0 - Зовсім неприйнятно,Ні
167,Так,10,2026-07-27 10:48:46,2026-07-27 10:59:43,Так,Так,Так,Жіноча,23,Черкаська,Ні,Ні,Ні,Ні,Так,Ні,Ні,Ні,,Черкаси,Ні,Ні,Ні,Ні,Ні,Ні,"Побачила в Тредсі, що люди планують виходити. Тому вирішила приєднатись",Ні,Так,Ні,Ні,,"Моя мета, це щоб наша влада почула свій народ, адже в нас демократична держава. Президент взагалі не навів жодного аргументу, чому Федоров більше не може бути на посаді МО. Також, ВР пішла на канікули під час війни, що вважаю є неприпустимо, тому що вони скасували всі державні вихідні, також військові працюють без вихідних і інколи навіть без сну. Тож всі депутати теж не повинні мати вихідних під час війни. Ще мене турбує, що через зміну МО ми втрачаємо час, адже новій людині потрібно довго входити в курс усіх справ, заново все планувати, приймати рішення, які дають результат не відразу. Не бачу сенсу міняти Федорова і його команду, які як раз вже все налагодили і почали працювати на повну потужність. Сирського замінили, але нам цього недостатньо.",Так,Безумовно так,Скоріше ні,Безумовно так,4,6,1 - Зовсім не довіряю,6,1 - Зовсім не довіряю,3,"Важко відповісти, адже система так побудована, що не можна нікому довіряти на 100%. Треба міняти систему, яка буде підтягувати людей, яким можна буде довіряти.",5,Зовсім не погоджуюсь,Важко сказати,Так
168,Так,10,2026-07-27 10:52:51,2026-07-27 10:57:49,Так,Так,Так,Жіноча,21,м. Київ,Ні,Ні,Ні,Ні,Так,Ні,Ні,Ні,,Київ,Ні,Так,Так,Ні,Ні,Ні,,Ні,Так,Ні,Ні,,бажання якнайскоріше закінчити війну не методами сирського і жити надалі в україні яка ввійшла у єс,Ні,Безумовно так,Скоріше ні,Важко відповісти,3,7 - Повністю довіряю,2,6,3,4,"Федоров, Буданов, Драпатий, Малюк, Грищук, Совсун",4,Зовсім не погоджуюсь,2,Так
169,Так,10,2026-07-27 10:53:14,2026-07-27 11:00:36,Так,Так,Так,Чоловіча,33,Черкаська,Ні,Ні,Ні,Ні,Так,Ні,Так,Ні,"ветеран по інвалідності внаслідок поранення, задіяний в проекті, який прямо стосується забезпечення обороноздатності країни",Черкаси,Ні,Ні,Ні,Ні,Ні,Ні,"Скоріше був одним з людей, які закликали в соціальних мережах виходити і вийшов сам",Так,Ні,Ні,Ні,,"Вимоги до влади:
1) Відновити роботу Уряду. Без т.в.о., з цивільним МО, без канікул ВР, на вчора.
2) Відсторонення Сирського. Або озвучене Федоровим і Стерненко щодо саботажу законної діяльності МО є наклепом, або ні. Залишати як є - неприпустимо.
3) Припинити адміністративний тиск на ветеранів, цивільних і військових, які висловлюють громадянську позицію в межах чинних ЗУ.
4) Обрати нового очільника МінВету. Кабінетний щур не має місця в представництві ветеранської спільноти, така особа не має морального права визначати мої пільги і права.",Так,Безумовно так,Точно ні,Скоріше ні,4,6,2,7 - Повністю довіряю,2,6,Некоректне питання. Висловлювання і позиції політичних діячів змінюються і мають бути критично оцінені і проаналізовані кожного разу.,8,Не погоджуюсь,0 - Зовсім неприйнятно,Так
170,Так,10,2026-07-27 13:37:14,2026-07-27 13:40:20,Так,Так,Так,Жіноча,25,Київська,Ні,Ні,Так,Ні,Ні,Ні,Ні,Ні,,Київ,Ні,Ні,Ні,Так,Ні,Ні,,Так,Ні,Ні,Ні,,Точка кипіння. Більше не має змоги терпіти це безвладдя.,Так,Скоріше так,Скоріше ні,Скоріше так,1 - Зовсім не довіряю,6,1 - Зовсім не довіряю,6,3,4,"Попошенко, Драпатий, Федоров",7,Зовсім не погоджуюсь,8,Так
171,Так,10,2026-07-27 14:18:53,2026-07-27 14:22:32,Так,Так,Так,Жіноча,19,м. Київ,Ні,Ні,Так,Ні,Ні,Ні,Ні,Ні,,Київ,Ні,Так,Ні,Так,Ні,Ні,,Так,Ні,Ні,Ні,,Підтримати заклики суспільства,Так,Безумовно так,Скоріше ні,Скоріше ні,3,6,2,5,"Не знаю, хто це",4,Ірина Совсун,4,Зовсім не погоджуюсь,0 - Зовсім неприйнятно,Так
172,Так,10,2026-07-27 14:50:22,2026-07-27 14:58:12,Так,Так,Так,Жіноча,39,Черкаська,Ні,Ні,Ні,Ні,Так,Ні,Ні,Ні,,Черкаси,Ні,Ні,Ні,Ні,Ні,Ні,"Побачила новину про зняття Федорова і вийшла. На той момент ще не було організований протестів, чи закликів",Ні,Ні,Ні,Ні,"Від тих, хто теж вийшли на протест","Повернення Федорова на пост міністра оборони (це основна мета). Крім того, сам факт виходу на протести стимулює владу прислуховуватись до народу, що є побічною, але не менш важливою, ціллю.",Так,Безумовно так,Скоріше ні,Скоріше так,4,6,1 - Зовсім не довіряю,5,"Не знаю, хто це",4,"Стерненко, Лачен, Бігус Інфо",Важко сказати,Зовсім не погоджуюсь,0 - Зовсім неприйнятно,Ні
173,Так,10,2026-07-27 16:27:38,2026-07-27 17:15:48,Так,Так,Так,Жіноча,20,м. Київ,Ні,Ні,Так,Ні,Так,Ні,Ні,Ні,,Київ,Ні,Ні,Так,Ні,Ні,Ні,,Так,Ні,Ні,Ні,,"1) повернути Федорова на посаду міністра оборони, оскільки пів року на посаді це надто мало, це тільки час аби зрозуміти як працює складна система в міністерстві та дотичних інституціях
2) Показати держ посадовцям, що має бути комунікація та аргументування рішень, а тим більше, коли ці рішення нелогічні
3) нагадати державним посадовцям, що їхні кроки мають мати причини ПРОГОВОРЕНІ із населенням
4) зробити так, аби міністерство оборони продовжувало працювати, бо скоро складна зима, у нас немає часу на нові кадри, адже їм знову знадобиться час аби розібратись в усьому
5) звільнити сирського, бо він почав робити помилки, і оскільки комунікації, окрім сторони Федорова, немає, то в народа відповідно сформувалась картинка, що якщо в нього із Сирським конфлікт і це є причиною звільнення Федорова (що, наскільки зараз зрозуміло вже, не факт, можуть бути інші причини) то треба прибрати Сирського із посади головнокомандувача 
6) відчути атмосферу, зарядитись від громадянського суспільства, познайомитись із активними людьми 
7) добитися справедливості для військових, аби не було незрозумілих ротацій, доган, каліцтв
8) зрозуміти свої цінності
9) зробити на зло росіянам (по суті цей пункт обʼєднує всі попередні)",Так,Безумовно так,Важко відповісти,Безумовно так,4,6,2,5,4,4,"Федорову. Він мені подобався ще коли він був у мінцифрі. Однак оскільки комунікації між народом та держ посадовцями не вистачає, то більше не знаю кого написати",1,Не погоджуюсь,0 - Зовсім неприйнятно,Ні
174,Так,10,2026-07-27 16:30:34,2026-07-27 16:51:49,Так,Так,Так,Чоловіча,26,м. Київ,Ні,Ні,Ні,Ні,Так,Ні,Ні,Ні,,Київ,Ні,Ні,Так,Ні,Ні,Ні,,Ні,Ні,Так,Ні,,"Комунікація щодо змін в уряді була обмеженою, а кандидат на нового міністра оборони виглядав на фоні Федорова погано.  Хотів змусити президента обгрунтувати своє рішення.",Ні,Точно ні,Точно ні,Точно ні,4,4,5,6,2,Важко сказати,До кінця війни - Верховному Головнокомандувачу,8,Не погоджуюсь,2,Так
175,Так,10,2026-07-27 16:32:19,2026-07-27 16:39:03,Так,Так,Так,Чоловіча,25,м. Київ,Ні,Ні,Ні,Ні,Так,Ні,Ні,Ні,,"Київ, Львів",Так,Ні,Так,Ні,Ні,Ні,,Так,Так,Ні,Так,,"Боротьба з корупцією та авторитаризмом. На мою думк,у Федорова було знято через те, що він заважає корупції. Президент мав би або повернути його або пояснити свої дії. Він вирішив чекати, поки протести самі собою стухнуть. Але цього не буде. Україна - демократія і буде демократією.",Так,Безумовно так,Скоріше ні,Безумовно так,2,5,1 - Зовсім не довіряю,6,2,Важко сказати,Інні Совсун,2,Зовсім не погоджуюсь,0 - Зовсім неприйнятно,Так
176,Так,10,2026-07-27 18:37:25,2026-07-27 18:43:34,Так,Так,Так,Чоловіча,24,м. Київ,Ні,Ні,Ні,Ні,Так,Ні,Ні,Ні,,Київ,Ні,Ні,Так,Так,Ні,Ні,,Ні,Так,Ні,Ні,,Створювати тиск для виконання вимог протесту,Так,Безумовно так,Точно ні,Скоріше так,4,7 - Повністю довіряю,2,6,2,7 - Повністю довіряю,"Федоров, Совсун, Железняк, Ярова",0 - Ліві,Не погоджуюсь,0 - Зовсім неприйнятно,Так
177,Так,10,2026-07-28 09:21:42,2026-07-28 09:29:30,Так,Так,Так,Чоловіча,22,м. Київ,Ні,Ні,Так,Ні,Так,Ні,Ні,Ні,,Київ,Ні,Так,Ні,Ні,Так,Ні,,Ні,Так,Ні,Так,,Інтерес до повернення політичного життя в країні,Ні,Точно ні,Точно ні,Точно ні,2,5,3,4,Важко сказати,Важко сказати,Порошенко,7,"Наскільки погоджуюсь, настільки і не погоджуюсь",6,Так
178,Так,10,2026-07-28 11:32:52,2026-07-28 11:35:04,Так,Так,Так,Жіноча,34,м. Київ,Ні,Ні,Так,Ні,Так,Ні,Ні,Ні,,Київ,Так,Ні,Так,Ні,Ні,Ні,,Так,Ні,Ні,Ні,,цікавість,Ні,Точно ні,Точно ні,Безумовно так,4,5,1 - Зовсім не довіряю,7 - Повністю довіряю,1 - Зовсім не довіряю,"Не знаю, хто це",нікому,7,Зовсім не погоджуюсь,0 - Зовсім неприйнятно,Так
179,Так,10,2026-07-28 12:05:33,2026-07-28 12:08:13,Так,Так,Так,Жіноча,22,Львівська,Ні,Ні,Ні,Ні,Так,Ні,Ні,Ні,,Львів,Ні,Ні,Ні,Ні,Так,Так,,Ні,Так,Так,Ні,,"Демонстрація єдності, необхідність впливу народу на владу",Ні,Скоріше так,Скоріше ні,Важко відповісти,4,6,2,5,"Не знаю, хто це","Не знаю, хто це",,2,Зовсім не погоджуюсь,1,Так
180,Так,10,2026-07-28 12:07:51,2026-07-28 12:12:48,Так,Так,Так,Жіноча,20,м. Київ,Ні,Ні,Так,Ні,Ні,Ні,Ні,Ні,,Київ,Ні,Так,Так,Ні,Ні,Ні,,Так,Так,Ні,Ні,,Задля повернення ефективного міністра оборони,Так,Важко відповісти,Скоріше ні,Важко відповісти,2,6,1 - Зовсім не довіряю,5,"Не знаю, хто це","Не знаю, хто це",Михайлу Федорову,2,Не погоджуюсь,10 - Цілком прийнятно,Так
181,Так,10,2026-07-28 12:08:47,2026-07-28 12:12:35,Так,Так,Так,Жіноча,20,м. Київ,Ні,Ні,Так,Ні,Так,Ні,Ні,Ні,,Київ,Ні,Так,Так,Ні,Ні,Ні,,Так,Так,Так,Ні,,не хавать;),Ні,Скоріше так,Точно ні,Скоріше так,4,6,2,6,"Не знаю, хто це",4,"ті, хто наразі нк повʼязані з обороною",3,Зовсім не погоджуюсь,0 - Зовсім неприйнятно,Ні
182,Так,10,2026-07-28 13:44:50,2026-07-28 13:58:50,Так,Так,Так,Чоловіча,24,м. Київ,Ні,Ні,Ні,Ні,Так,Ні,Ні,Ні,,Київ,Ні,Так,Так,Ні,Ні,Ні,,Так,Так,Ні,Ні,,Повернути Михайла Федорова на посаду міністра оборони та продовження технологічних та організаційних людиноцентричних інновацій у Силах Оборони України.,Ні,Важко відповісти,Скоріше ні,Важко відповісти,4,6,2,6,3,5,"Михайло Федоров, Михайло Драпатий",Важко сказати,Зовсім не погоджуюсь,0 - Зовсім неприйнятно,Ні
183,Так,10,2026-07-28 14:19:04,2026-07-28 14:26:09,Так,Так,Так,Жіноча,27,Львівська,Ні,Ні,Ні,Ні,Так,Ні,Ні,Ні,,Львів,Ні,Ні,Так,Ні,Ні,Так,,Так,Ні,Ні,Так,,"Влада неодноразово використовувала механізм ""звільнити - перевести на іншу менш медійну посаду - позбутися посадовця зовсім"". При цьому з суспільством не комунікується, що саме стало причиною для відставки, які були здобутки людини на посаді, де вона шкодила або бездіяла. Взагалі не йдеться про настання політичної та кримінальної відповідальності для колишніх посадовців. Хотілося закликати владу або чітко прокомунікувати, що не так з Федоровим, і прозоро запропонувати іншу людину, яка буде виконувати ці функції краще (з чітким поясненням підстав думати, що людина зможе), або повернути Федорова і покласти край таким тихим звільненням.",Так,Безумовно так,Скоріше так,Скоріше так,3,7 - Повністю довіряю,1 - Зовсім не довіряю,5,1 - Зовсім не довіряю,Важко сказати,"Жодна людина не викликала того рівня симпатії і довіри, як Михайло Федоров.",4,Не погоджуюсь,3,Ні
184,Ні,7,2026-07-28 14:37:43,2026-07-28 14:45:05,Так,Так,Так,Жіноча,41,м. Київ,Ні,Ні,Ні,Ні,Так,Ні,Ні,Ні,,Київ,Ні,Так,Ні,Ні,Ні,Ні,,Так,Ні,Ні,Ні,,"Спробувати хоч якось вплинути, та змінити безглузді дії президента, які можуть вплинути на перебіг війни.",Так,Скоріше так,Точно ні,Важко відповісти,,,,,,,,,,,
185,Ні,7,2026-07-28 14:40:09,2026-07-28 14:42:52,Так,Так,Так,Жіноча,32,м. Київ,Ні,Ні,Ні,Ні,Так,Ні,Ні,Ні,,Київ,Так,Так,Ні,Ні,Ні,Ні,,Ні,Так,Ні,Так,,"Зробити протест більш масовим, а тому помітним для ОП.",Так,Скоріше ні,Точно ні,Скоріше ні,4,4,3,5,1 - Зовсім не довіряю,4,,,,,
186,Так,10,2026-07-28 14:58:01,2026-07-28 15:05:20,Так,Так,Так,Чоловіча,23,Київська,Ні,Ні,Ні,Ні,Так,Ні,Ні,Ні,,Київ,Так,Ні,Так,Ні,Ні,Ні,,Ні,Ні,Так,Ні,,Досягнення справедливості,Ні,Скоріше ні,Точно ні,Точно ні,3,6,2,6,4,6,Важко сказати,6,Зовсім не погоджуюсь,0 - Зовсім неприйнятно,Так
187,Так,10,2026-07-28 14:59:40,2026-07-28 15:05:53,Так,Так,Так,Жіноча,22,м. Київ,Ні,Ні,Так,Ні,Так,Ні,Ні,Ні,,Київ,Ні,Так,Так,Ні,Ні,Ні,,Так,Ні,Так,Ні,,"Виразити свою невдоволеність кадровими рішеннями, вимога прибрати Сирського",Ні,Скоріше ні,Точно ні,Скоріше ні,4,6,2,6,3,5,"Буданов, Драпатий, Федоров, Совсун, Залізняк…",5,Зовсім не погоджуюсь,0 - Зовсім неприйнятно,Так
188,Так,10,2026-07-28 15:06:14,2026-07-28 15:10:29,Так,Так,Так,Чоловіча,23,м. Київ,Ні,Ні,Ні,Ні,Так,Ні,Ні,Ні,,Київ,Ні,Так,Так,Ні,Ні,Ні,,Ні,Так,Так,Так,,Виразити невдоволення проти абсолютно неадекватних рішень які ухвалюються задля блага невеликої групи людей і вимагати повернути Федорова / звільнити сирського,Так,Скоріше так,Точно ні,Скоріше ні,3,5,3,5,Важко сказати,4,"Федоров, Чмут",5,Зовсім не погоджуюсь,0 - Зовсім неприйнятно,Так
189,Так,10,2026-07-28 15:25:59,2026-07-28 15:33:17,Так,Так,Так,Жіноча,28,м. Київ,Ні,Ні,Ні,Ні,Так,Ні,Ні,Ні,,Київ,Ні,Ні,Так,Ні,Так,Ні,,Так,Ні,Так,Ні,,"Мені хочеться, аби призначення та/або звільнення посадовців в Україні були прозорими та зрозумілими. В цьому звільненні я побачила чітко політичний підтекст. Така кадрова політика шкодить інституційній стійкості та порушує інституційну памʼять. Я хочу, аби це припинилося",Ні,Скоріше так,Скоріше ні,Скоріше так,3,5,2,5,4,4,"Зараз не бачу політичних діячів, яким можу довіряти безумовно. Можливо, Інна Совсун, Ярослав Железняк, Юрчишин",7,Зовсім не погоджуюсь,0 - Зовсім неприйнятно,Так
190,Так,10,2026-07-28 15:43:45,2026-07-28 15:53:34,Так,Так,Так,Жіноча,21,Львівська,Ні,Ні,Так,Ні,Так,Ні,Ні,Ні,,Львів,Ні,Ні,Так,Ні,Ні,Ні,,Так,Так,Ні,Так,,"Продемонструвати на своєму прикладі, що людям не байдуже на тих, кого призначає/прибирає у Кабміні; дати знак владі, що суспільство не толерує рішень, які шкодять обороноздатності держави; висловитися за своїх друзів-військових, які підтримують Федорова, але зараз перебувають на фронті і не можуть долучитися особисто",Так,Безумовно так,Скоріше ні,Скоріше так,3,5,1 - Зовсім не довіряю,5,2,5,Ірина Совсун,7,Не погоджуюсь,2,Так
191,Так,10,2026-07-28 16:16:20,2026-07-28 16:33:02,Так,Так,Так,Жіноча,29,м. Київ,Ні,Ні,Ні,Ні,Так,Ні,Ні,Ні,,Київ,Ні,Так,Так,Ні,Ні,Ні,,Так,Так,Так,Ні,,"Демократичний вияв українських громадян, спричинений крайньою межею обурення через необґрунтовані кадрові перестановки під час війни. Зокрема через відставку ефективного Мін. Оборони, прикриту нібито ""конфліктом"" з Сирським. Але при наявному ""конфлікті"" залишення на посаді Сирського, за яким асоціюються безліч злочинів у ""Скалі"" і тд. 
Такі дії провладної верхівки виглядають як відверте шкідництво і відсутність будь-якої здорової логіки. Мобілізація вже провалена через безчинства у війську, на які роками закривалися очі і відставка єдиного спеціаліста, який пропонував воювати асиметрично, зі збереженням людського ресурсу, який вперше вийшов з дорослою комунікацією до суспільства, виглядає як страшне аморальне, нице людожерство.",Ні,Скоріше так,Скоріше ні,Важко відповісти,Важко сказати,7 - Повністю довіряю,2,6,4,5,Юлії Свириденко,5,Зовсім не погоджуюсь,0 - Зовсім неприйнятно,Так
192,Так,10,2026-07-28 16:19:30,2026-07-28 16:22:59,Так,Так,Так,Жіноча,26,м. Київ,Ні,Ні,Ні,Ні,Так,Ні,Ні,Ні,,Київ,Ні,Ні,Так,Ні,Ні,Ні,,Ні,Так,Ні,Ні,,,Так,Безумовно так,Точно ні,Скоріше так,3,5,1 - Зовсім не довіряю,6,1 - Зовсім не довіряю,5,,4,Не погоджуюсь,0 - Зовсім неприйнятно,Так
193,Ні,7,2026-07-28 16:45:29,2026-07-28 16:50:34,Так,Так,Так,Жіноча,23,м. Київ,Ні,Ні,Ні,Ні,Так,Ні,Ні,Ні,,Київ,Ні,Ні,Так,Ні,Ні,Ні,,Так,Ні,Ні,Ні,,"Щоб влада нарешті почула свій народ і припинила ухвалювати рішення, які шкодять людям.",Так,Безумовно так,Важко відповісти,Важко відповісти,,,,,,,,,,,
194,Так,10,2026-07-28 18:10:34,2026-07-28 18:30:06,Так,Так,Так,Жіноча,31,м. Київ,Ні,Ні,Ні,Ні,Так,Ні,Ні,Ні,,Київ,Так,Так,Ні,Ні,Ні,Ні,,Так,Ні,Ні,Так,,Висловити обурення,Ні,Скоріше так,Точно ні,Важко відповісти,5,5,4,6,4,5,"Драпатий, Стерненко, Федоррв",2,Зовсім не погоджуюсь,0 - Зовсім неприйнятно,Так
195,Так,10,2026-07-28 18:15:42,2026-07-28 18:30:42,Так,Так,Так,Жіноча,29,Київська,Ні,Ні,Ні,Ні,Так,Ні,Ні,Ні,,"Київ, Львів",Ні,Так,Так,Ні,Ні,Ні,,Ні,Так,Ні,Так,,Протистояти дурному рішенню президента про звільнення найефективнішого МО.,Ні,Скоріше так,Точно ні,Важко відповісти,3,7 - Повністю довіряю,3,7 - Повністю довіряю,1 - Зовсім не довіряю,6,"М. Федоров, С. Кислиця, Д. Кулеба, Р. Лозинський, Ю. Свириденко, О. Стефанішина, Я. Юрчишин",4,Зовсім не погоджуюсь,3,Так
196,Так,10,2026-07-28 18:30:37,2026-07-28 18:50:57,Так,Так,Так,Чоловіча,26,м. Київ,Ні,Ні,Ні,Ні,Так,Ні,Ні,Ні,,Київ,Ні,Ні,Так,Ні,Ні,Ні,,Так,Ні,Ні,Ні,,"Проти рішень, що сприяють збільшенню хаосу в уряді в період війни. Проти вбогої комунікації, коли єдині коментарі - іноземним медіа, а холопам-хохлам має бути достатньо й беззмістовного вечірного звернення. Проти загальної непрозорості влади, яка погіршується відсутністю суб'єктності у парламенті (в парламентсько-президентській республіці) та призначенням на посади міністрів осіб-фігурантів журналістських розслідувань.",Так,Скоріше так,Важко відповісти,Важко відповісти,2,5,4,5,5,5,"Не можу виділити. До однієї частини політиків ставлюсь нейтрально, до другої - негативно",7,Не погоджуюсь,2,Ні
197,Так,10,2026-07-28 20:37:33,2026-07-28 20:44:00,Так,Так,Так,Чоловіча,27,м. Київ,Ні,Ні,Ні,Так,Ні,Ні,Ні,Ні,,Київ,Ні,Так,Так,Ні,Ні,Ні,,Так,Ні,Ні,Ні,,"Недопущення свавілля від влади Зеленського щодо воїнів, дій на підрив перемоги потуранням неефективним та спірним до закону рішення Сирського, Клименка, Кіма",Ні,Скоріше ні,Точно ні,Скоріше ні,2,5,2,4,1 - Зовсім не довіряю,4,"Андрій Білецький, Олег Тягнибок",7,Зовсім не погоджуюсь,0 - Зовсім неприйнятно,Так
198,Так,10,2026-07-28 21:11:08,2026-07-28 21:29:13,Так,Так,Так,Жіноча,34,Київська,Ні,Ні,Ні,Ні,Так,Ні,Ні,Ні,,Київ,Ні,Так,Ні,Ні,Ні,Ні,,Ні,Ні,Так,Ні,,"Незгода з поганим рішенням президента, щодо відставки ефективного менеджера, в критичний момент для країни. Це нас тільки послаблює. Як на мене, це було дуже нелогічне рішення. Ніяких свідомих пояснень, нажаль люди так і не отримали. Тоді навіщо міняти те, що добре працює?",Ні,Безумовно так,Точно ні,Скоріше так,3,6,2,5,4,Важко сказати,"Федоров, Железняк, Совсун",5,Не погоджуюсь,0 - Зовсім неприйнятно,Ні
199,Так,10,2026-07-29 00:02:28,2026-07-29 00:15:28,Так,Так,Так,Жіноча,28,Львівська,Ні,Ні,Ні,Ні,Так,Ні,Ні,Ні,,Львів,Ні,Ні,Ні,Ні,Ні,Ні,"Побачила в медіа, що люди збираються, влада не реагує - тож приєдналась в ті дні, коли мала вільний час",Ні,Ні,Ні,Так,"Просто збиралась ввечері інтуїтивно. Написала подрузі - виявилось, що вона знає час.","На жаль, у нас зараз немає ні опозиції, ні коаліції - по суті, влада зосереджена у президента, і немає інших інструментів впливу на рішення влади, окрім як виходити на протести. Метою є, щоб влада почула, що не можна просто так без пояснень міняти міністрів, як шкарпетки. Це ж уже не вперше. І це не правомірно - розпускати уряд має парламент, а не президент.",Так,Скоріше так,Скоріше ні,Скоріше ні,2,5,3,6,"Не знаю, хто це",5,"Нема довіри до політиків, лише до Залужного, який лиш нещодавно став дипломатом",5,Не погоджуюсь,0 - Зовсім неприйнятно,Так
200,Так,10,2026-07-29 00:15:05,2026-07-29 00:17:58,Так,Так,Так,Жіноча,34,Рівненська,Ні,Ні,Ні,Ні,Так,Ні,Ні,Ні,,Рівне,Ні,Ні,Так,Ні,Ні,Ні,,Так,Ні,Ні,Ні,,Ахуй,Так,Безумовно так,Важко відповісти,Скоріше так,1 - Зовсім не довіряю,4,Важко сказати,3,Важко сказати,4,Ніяким,5,Не погоджуюсь,0 - Зовсім неприйнятно,Ні
201,Так,10,2026-07-29 08:57:49,2026-07-29 09:06:38,Так,Так,Так,Жіноча,25,Львівська,Ні,Ні,Ні,Ні,Так,Ні,Ні,Ні,,Харків,Ні,Ні,Так,Ні,Ні,Ні,,Так,Ні,Ні,Ні,,"Було бажання почути від влади адекватну комунікацію, щодо змін в уряді, чого так і не відбулось. Підтримати відставку Сирського та закликати повернути на свою посаду міністра оборони України.",Ні,Важко відповісти,Точно ні,Точно ні,3,6,2,7 - Повністю довіряю,4,5,Важко сказати,7,Зовсім не погоджуюсь,3,Ні
202,Так,10,2026-07-29 15:01:08,2026-07-29 15:08:23,Так,Так,Так,Чоловіча,66,м. Київ,Ні,Ні,Ні,Ні,Ні,Ні,Так,Ні,,Київ,Ні,Так,Так,Ні,Ні,Ні,,Так,Ні,Ні,Ні,,"Зеленський не царь, українці не холопи",Ні,Безумовно так,Точно ні,Безумовно так,1 - Зовсім не довіряю,4,Важко сказати,7 - Повністю довіряю,1 - Зовсім не довіряю,4,Кошулинський,7,Зовсім не погоджуюсь,0 - Зовсім неприйнятно,Ні
203,Так,10,2026-07-29 15:26:58,2026-07-29 15:34:16,Так,Так,Так,Жіноча,23,Полтавська,Ні,Ні,Ні,Ні,Так,Ні,Ні,Ні,,Київ,Ні,Ні,Так,Ні,Ні,Ні,,Так,Ні,Ні,Ні,,"Повернення Михайла Федорова на посаду міністра оборони України. Висловлення своєї думки, як громадянки України. Незадоволення вчинення відверто не корисних для України дій зі сторони нинішньої влади.",Так,Безумовно так,Точно ні,Скоріше так,2,7 - Повністю довіряю,2,6,5,5,"Федоров, Залужний, Буданов, Свириденко",8,"Наскільки погоджуюсь, настільки і не погоджуюсь",10 - Цілком прийнятно,Ні
204,Так,10,2026-07-29 15:27:38,2026-07-29 15:33:06,Так,Так,Так,Жіноча,23,Київська,Ні,Ні,Ні,Ні,Так,Ні,Ні,Ні,,Київ,Так,Так,Ні,Ні,Ні,Ні,,Ні,Ні,Ні,Так,,За адекватність у нашій державі,Ні,Скоріше ні,Важко відповісти,Скоріше ні,5,6,1 - Зовсім не довіряю,4,"Не знаю, хто це","Не знаю, хто це",У мене немає відповіді на це питання,Важко сказати,Зовсім не погоджуюсь,4,Ні
205,Так,10,2026-07-30 10:44:18,2026-07-30 10:47:24,Так,Так,Так,Жіноча,32,м. Київ,Ні,Ні,Ні,Ні,Так,Ні,Ні,Ні,,Київ,Так,Так,Ні,Ні,Ні,Ні,,Ні,Так,Ні,Так,,"Повернути чинного міністра, не хотіла щоб новим міністром був Клименко",Так,Точно ні,Точно ні,Точно ні,4,4,3,6,1 - Зовсім не довіряю,5,"Переважно, я маю високий рівень довіри до адекватних депутатів і міністрів, замів",7,Зовсім не погоджуюсь,3,Так
206,Так,10,2026-07-30 11:03:42,2026-07-30 12:29:10,Так,Так,Так,Чоловіча,18,м. Київ,Ні,Ні,Так,Ні,Ні,Ні,Ні,Ні,,Київ,Ні,Ні,Так,Ні,Ні,Ні,Громадська позиція,Так,Ні,Ні,Ні,,"Повернути Федорова у МО. Показати позицію та думку суспільства, відстояти своє право на здійснення влади в Україні",Так,Важко відповісти,Скоріше ні,Важко відповісти,2,6,1 - Зовсім не довіряю,6,2,4,"Федоров, Драпатий",5,Зовсім не погоджуюсь,4,Ні
207,Так,10,2026-07-30 11:11:22,2026-07-30 11:15:09,Так,Так,Так,Чоловіча,20,м. Київ,Ні,Ні,Так,Ні,Ні,Ні,Ні,Ні,,Київ,Так,Ні,Ні,Так,Ні,Ні,,Так,Ні,Ні,Так,,Запобігти руйнуванню України,Ні,Скоріше ні,Точно ні,Скоріше так,3,6,4,6,2,5,Білецький,10 - Праві,"Наскільки погоджуюсь, настільки і не погоджуюсь",7,Так
208,Так,10,2026-07-30 11:14:09,2026-07-30 11:17:39,Так,Так,Так,Чоловіча,18,м. Київ,Ні,Ні,Так,Ні,Так,Ні,Ні,Ні,,"Київ, Львів",Ні,Ні,Так,Так,Ні,Ні,,Так,Ні,Так,Ні,,Демонстрація небайдужості суспільства до сумнівних рішень влади,Так,Скоріше так,Точно ні,Важко відповісти,3,6,1 - Зовсім не довіряю,5,1 - Зовсім не довіряю,3,,3,Зовсім не погоджуюсь,2,Так
209,Так,10,2026-07-30 11:22:08,2026-07-30 11:27:14,Так,Так,Так,Жіноча,23,м. Київ,Ні,Ні,Так,Ні,Так,Ні,Ні,Ні,,Київ,Ні,Ні,Так,Ні,Ні,Так,,Ні,Так,Ні,Ні,,"Створити культуру прозорості державної комунікації, підзвітності та субʼєктності ВР, підтримати демократичний розвиток держави.",Так,Безумовно так,Точно ні,Скоріше так,2,6,1 - Зовсім не довіряю,6,2,5,"Драпатий, Федоров, Совсун",4,Зовсім не погоджуюсь,0 - Зовсім неприйнятно,Так
210,Так,10,2026-07-30 14:58:07,2026-07-30 15:04:04,Так,Так,Так,Жіноча,28,Київська,Ні,Ні,Ні,Ні,Так,Ні,Ні,Ні,,Київ,Ні,Так,Так,Ні,Ні,Ні,,Так,Ні,Ні,Ні,,"В Україні будь-які урядові зміни рухаються тільки через суспільний резонанс, тому хотілося ""кількісно"" докластися, щоб своєю присутністю хоч на крапельку збільшити ймовірність сприйняття владою даного протесту як такого, що викликає суспільний резонанс.",Ні,Скоріше ні,Точно ні,Скоріше ні,1 - Зовсім не довіряю,6,1 - Зовсім не довіряю,5,2,4,"Федоров, Верещук",3,Не погоджуюсь,1,Так
211,Так,10,2026-07-30 15:09:52,2026-07-30 15:14:48,Так,Так,Так,Жіноча,29,м. Київ,Ні,Ні,Ні,Ні,Так,Ні,Ні,Ні,,Київ,Ні,Ні,Так,Ні,Ні,Ні,,Так,Ні,Ні,Ні,,Вернути Федорова,Ні,Безумовно так,Точно ні,Скоріше так,3,5,1 - Зовсім не довіряю,6,Важко сказати,3,Ніяким,7,"Наскільки погоджуюсь, настільки і не погоджуюсь",Важко сказати,Ні
212,Так,10,2026-07-30 15:19:45,2026-07-30 15:25:45,Так,Так,Так,Жіноча,26,м. Київ,Ні,Ні,Ні,Ні,Так,Ні,Ні,Ні,,Київ,Ні,Так,Так,Ні,Ні,Ні,,Ні,Так,Так,Ні,,"Повпливати демократичним шляхом на кадрові рішення, що приймаються. З початку протесту мета - усунення Сирського з посади головнокомандувача та повернення Федорова на посаду міністра оборони.",Так,Безумовно так,Скоріше ні,Важко відповісти,2,5,1 - Зовсім не довіряю,6,1 - Зовсім не довіряю,3,"Буданов, Федеров, Драпатий",4,Зовсім не погоджуюсь,6,Так
213,Так,10,2026-07-31 08:34:28,2026-07-31 08:37:24,Так,Так,Так,Жіноча,20,м. Київ,Ні,Ні,Так,Ні,Так,Ні,Ні,Ні,,Київ,Ні,Так,Ні,Ні,Ні,Ні,,Так,Ні,Ні,Так,,Виконати громадянський обовʼязок,Ні,Безумовно так,Скоріше ні,Важко відповісти,Важко сказати,Важко сказати,Важко сказати,Важко сказати,Важко сказати,Важко сказати,,Важко сказати,Не погоджуюсь,Важко сказати,Ні
214,Так,10,2026-07-31 08:36:26,2026-07-31 08:41:30,Так,Так,Так,Чоловіча,21,м. Київ,Ні,Ні,Так,Ні,Так,Ні,Ні,Ні,,Київ,Так,Ні,Так,Ні,Ні,Ні,,Так,Ні,Ні,Ні,,"бо якого хуя відбувається 
от надо перед кожними канікулами ради на тиху влаштовувати хуєтень",Ні,Безумовно так,Скоріше ні,Скоріше так,3,6,1 - Зовсім не довіряю,6,3,2,Федоров,5,Зовсім не погоджуюсь,0 - Зовсім неприйнятно,Так
215,Так,10,2026-08-03 14:56:20,2026-08-03 15:00:43,Так,Так,Так,Жіноча,20,м. Київ,Ні,Ні,Так,Ні,Так,Ні,Ні,Ні,,Київ,Ні,Ні,Так,Так,Ні,Ні,,Так,Так,Так,Ні,,Справдливість,Ні,Безумовно так,Точно ні,Скоріше ні,4,6,2,5,1 - Зовсім не довіряю,4,Федоров,Важко сказати,Зовсім не погоджуюсь,0 - Зовсім неприйнятно,Ні
216,Так,10,2026-08-03 15:01:29,2026-08-03 15:06:25,Так,Так,Так,Чоловіча,18,м. Київ,Ні,Ні,Так,Ні,Так,Ні,Ні,Ні,,"Київ, Житомир, Львів",Ні,Ні,Так,Ні,Так,Ні,,Так,Ні,Ні,Ні,,Висловити незгоду з поточним перебігом обставин в міноборони,Так,Скоріше так,Скоріше ні,Скоріше так,1 - Зовсім не довіряю,4,1 - Зовсім не довіряю,6,1 - Зовсім не довіряю,1 - Зовсім не довіряю,"Нікому, наразі немає кандидатури яка б відповідала моїм поглядам",10 - Праві,Зовсім не погоджуюсь,Важко сказати,Ні
217,Так,10,2026-08-03 15:02:44,2026-08-03 15:10:04,Так,Так,Так,Жіноча,23,Київська,Ні,Ні,Ні,Ні,Так,Ні,Ні,Ні,,Київ,Ні,Так,Так,Ні,Ні,Ні,,Так,Ні,Ні,Ні,,Щоб не ігнорували народ,Так,Скоріше так,Скоріше ні,Скоріше так,2,5,1 - Зовсім не довіряю,5,3,4,"Федоров, Стерненко",Важко сказати,Не погоджуюсь,5,Так
218,Так,10,2026-08-03 15:25:04,2026-08-03 15:28:35,Так,Так,Так,Чоловіча,19,м. Київ,Ні,Ні,Так,Ні,Так,Ні,Ні,Ні,,київ,Так,Ні,Ні,Так,Ні,Ні,,Так,Ні,Ні,Так,,"Повернути ефективну систему керування, яка працювала",Так,Безумовно так,Точно ні,Точно ні,3,5,2,5,1 - Зовсім не довіряю,3,"Федоров, Драпатий",8,Зовсім не погоджуюсь,3,Ні
219,Так,10,2026-08-03 15:27:00,2026-08-03 15:35:50,Так,Так,Так,Жіноча,26,Київська,Ні,Ні,Ні,Ні,Так,Ні,Ні,Ні,,"Київ, Одеса",Ні,Ні,Ні,Ні,Ні,Ні,"Я збиралась вийти сама в будь-якому випадку, коли побачила новини. Але пошукавши в соцмережах і знайшовши пост Дмитра, доєдналась до вже організованого протесту",Так,Так,Так,Так,З твітеру Дмитра Козинського та моїх м'ю,"Система не має працювати проти мене та мого суспільства. Ми маємо нищити русню з максимальним рівнем ефективності та налагодженим процесом без непрозорості, хабарів, некомпетентності та іншого. Технологіями, а не людьми",Так,Безумовно так,Безумовно так,Безумовно так,1 - Зовсім не довіряю,7 - Повністю довіряю,1 - Зовсім не довіряю,7 - Повністю довіряю,1 - Зовсім не довіряю,5,"Федоров, Драпатий, Буданов, Хмара, Інна Совсун",4,Зовсім не погоджуюсь,0 - Зовсім неприйнятно,Так
220,Так,10,2026-08-03 15:42:32,2026-08-03 15:52:52,Так,Так,Так,Жіноча,37,м. Київ,Ні,Ні,Ні,Ні,Так,Ні,Ні,Ні,,Київ,Ні,Так,Ні,Ні,Ні,Ні,побачила новини про зміну уряду і слідкувала зо ходом подій,Так,Ні,Ні,Ні,,"Загальне обурення від рішень уряду та Президента, які накопичувались вже дуже давно. Несподіване звільнення уряду + не призначення стали останньої краплею. 
Чому ЇМ бабло, а нам - важка зима. 

2. за два тижні до відставки уряду і непризначення надійшов перший транш з 60 млрд на оборонні закупівлі з кредиту ЄС. І одразу - відставка + не_призначеня єдиного міністра, який вводив нові правила гри для закупівель в обронній сфері, які протидіяли монополії та прямим закупівлям. 
--- Я ПРОТИ того щоб рішення приймались на користь корупції, а не інтересів країни
3.. Пройшло всього 6 місяців від призначення, а зроблено було дуже багато, в тч по темам, за які ніхто не хотів братись, бо це важкі теми (як контракти). ---- ЩО БУДЕ З РЕФОРМАМИ ДАЛІ, чому їх треба припиняти посеред їх виконання?",Так,Безумовно так,Важко відповісти,Безумовно так,1 - Зовсім не довіряю,6,1 - Зовсім не довіряю,7 - Повністю довіряю,2,3,,Важко сказати,Зовсім не погоджуюсь,0 - Зовсім неприйнятно,Так
221,Так,10,2026-08-03 15:43:01,2026-08-03 15:47:04,Так,Так,Так,Жіноча,31,м. Київ,Ні,Ні,Ні,Ні,Так,Ні,Ні,Ні,,Київ,Ні,Так,Так,Ні,Ні,Ні,,Ні,Так,Ні,Ні,,Демонстрація невдоволення через рішення влади. Бажання отримати відповідь на здійснення рішення,Ні,Важко відповісти,Точно ні,Скоріше ні,6,6,5,7 - Повністю довіряю,5,7 - Повністю довіряю,"Зараз немає таких, скоріше лідурам думок: Стерненко, видання УП, Третя штурмова",5,"Наскільки погоджуюсь, настільки і не погоджуюсь",0 - Зовсім неприйнятно,Так
222,Так,10,2026-08-03 16:08:17,2026-08-03 16:42:42,Так,Так,Так,Жіноча,40,м. Київ,Ні,Ні,Ні,Ні,Так,Ні,Ні,Ні,,Київ,Ні,Ні,Ні,Так,Ні,Ні,,Ні,Ні,Так,Так,,Дослідницька,Ні,Точно ні,Важко відповісти,Точно ні,1 - Зовсім не довіряю,1 - Зовсім не довіряю,3,6,5,6,"станом на зараз таких нема, є сорти лайна",4,Зовсім не погоджуюсь,0 - Зовсім неприйнятно,Так
223,Так,10,2026-08-03 16:45:02,2026-08-03 16:50:24,Так,Так,Так,Жіноча,19,м. Київ,Ні,Ні,Так,Ні,Ні,Ні,Ні,Ні,,Київ,Ні,Ні,Ні,Ні,Ні,Так,,Так,Ні,Ні,Ні,,"Висловити свою позицію, коли демократичні процеси не працюють",Так,Безумовно так,Скоріше ні,Скоріше так,3,6,1 - Зовсім не довіряю,6,2,3,"Притула, Совсун",5,Зовсім не погоджуюсь,0 - Зовсім неприйнятно,Так
224,Так,10,2026-08-03 16:45:10,2026-08-03 16:51:28,Так,Так,Так,Чоловіча,20,м. Київ,Ні,Ні,Так,Ні,Так,Ні,Ні,Ні,,Київ,Ні,Ні,Ні,Так,Ні,Ні,,Так,Ні,Ні,Ні,,"Мені неясне бажання президента міняти уряд кожні 2 квартали без чітко прокомунікованих на те причин, після очікуваного провалу якого йде медійна кампанія замазати. Потім коло починається знову. Консолідується це питання на Федорові, який хоч і на посаді тільки 6 місяців, питань до його результативності було небагато, відповідно і заміна його в уряді виглядає як залужний 2.0",Ні,Скоріше ні,Точно ні,Точно ні,1 - Зовсім не довіряю,2,2,3,2,3,нікому :),7,"Наскільки погоджуюсь, настільки і не погоджуюсь",1,Так
225,Так,10,2026-08-03 17:01:17,2026-08-03 17:18:24,Так,Так,Так,Жіноча,20,м. Київ,Ні,Ні,Так,Ні,Так,Ні,Ні,Ні,,Київ,Ні,Ні,Так,Ні,Ні,Так,,Так,Так,Так,Ні,,"Якщо не я, то хто. 
Зняття сирського з посади головкома",Так,Скоріше ні,Точно ні,Скоріше ні,2,4,1 - Зовсім не довіряю,5,Важко сказати,4,"Лозинський, Сибіга",Важко сказати,Зовсім не погоджуюсь,3,Так
226,Так,10,2026-08-03 17:03:12,2026-08-03 17:10:14,Так,Так,Так,Жіноча,21,Львівська,Ні,Ні,Ні,Ні,Ні,Ні,Ні,Так,,Львів,Ні,Ні,Ні,Ні,Ні,Ні,"Неаргументоване рішення, відсутність комунікації",Так,Ні,Ні,Так,,"Вийти, щоб проінформувати тих, хто приймають рішення, що вони не проіфнормували нас про причини їх прийняття. І тому, що важливо фіксувати кожну перевірку меж, бо проблема не в контрено НАБу чи Федорові, а в системному порушенні меж. А конституційні межі гірше особистих",Так,Точно ні,Точно ні,Точно ні,2,3,3,Важко сказати,"Не знаю, хто це",Важко сказати,"Цікаво, що саме вимірюється цим питанням, бо міжособистіна довіра не дуже ймовірна загалом, а як до діячів влади я не можу виміряти свою довіру, бо тут певно краще впевненість у надійності. Навіть, якщо так, то такої впевненості немає до когось",3,Зовсім не погоджуюсь,2,Ні
227,Так,10,2026-08-03 17:24:46,2026-08-03 17:44:56,Так,Так,Так,Чоловіча,29,м. Київ,Ні,Ні,Ні,Ні,Так,Ні,Ні,Ні,,Київ,Ні,Так,Так,Ні,Ні,Ні,,Так,Так,Ні,Ні,,Шляхом народної демократії досягнути необхідних змін під час військового стану,Так,Скоріше так,Скоріше ні,Скоріше так,2,6,1 - Зовсім не довіряю,7 - Повністю довіряю,2,5,"ймовірно Федоров, Драпатий, Стерненко",4,Зовсім не погоджуюсь,1,Ні
228,Так,10,2026-08-03 17:30:26,2026-08-03 17:34:52,Так,Так,Так,Жіноча,34,м. Київ,Ні,Ні,Ні,Ні,Так,Ні,Ні,Ні,,Київ,Ні,Ні,Так,Ні,Ні,Ні,,Так,Ні,Ні,Ні,,"Долучитись для збільшення кількості, щоб продемонструвати владі, яка велика кількість людей невдоволена відсутністю комунікації, прозорості ухвалення рішень",Так,Безумовно так,Скоріше ні,Важко відповісти,1 - Зовсім не довіряю,6,2,6,4,5,Ніяким,1,Зовсім не погоджуюсь,0 - Зовсім неприйнятно,Так
229,Так,10,2026-08-03 17:36:08,2026-08-03 17:41:41,Так,Так,Так,Жіноча,34,м. Київ,Ні,Ні,Ні,Ні,Так,Ні,Ні,Ні,,Київ,Ні,Ні,Так,Ні,Ні,Ні,,Ні,Так,Ні,Ні,,"Відставка Сирського 
Повернення Федорова 
Обурення через порушення процедур",Ні,Скоріше ні,Точно ні,Скоріше ні,3,4,1 - Зовсім не довіряю,4,"Не знаю, хто це","Не знаю, хто це",Чмут,4,Не погоджуюсь,0 - Зовсім неприйнятно,Так
230,Так,10,2026-08-03 17:48:11,2026-08-03 17:54:40,Так,Так,Так,Чоловіча,40,м. Київ,Ні,Ні,Ні,Ні,Ні,Ні,Ні,Так,,Київ,Ні,Так,Ні,Ні,Ні,Ні,,Так,Ні,Ні,Ні,,Протест проти кадрової і внутрішньої політики президента.,Так,Важко відповісти,Точно ні,Важко відповісти,1 - Зовсім не довіряю,6,2,5,3,3,"Федоров, Железняк, Радіна, Рахманін",6,Зовсім не погоджуюсь,0 - Зовсім неприйнятно,Так
231,Так,10,2026-08-03 18:39:41,2026-08-03 18:47:26,Так,Так,Так,Чоловіча,23,м. Київ,Ні,Ні,Ні,Ні,Так,Ні,Ні,Ні,,Київ,Ні,Ні,Так,Ні,Ні,Ні,,Так,Ні,Ні,Ні,,"вплинути на перегляд кадрової політики Президента в бік сучасніших, технологічних рішень та реформаторськи налаштованих людей",Так,Скоріше так,Точно ні,Скоріше ні,2,6,1 - Зовсім не довіряю,6,3,5,"Федоров, Корецький, Железняк",3,Не погоджуюсь,0 - Зовсім неприйнятно,Так
232,Так,10,2026-08-03 20:50:36,2026-08-03 20:56:51,Так,Так,Так,Жіноча,23,м. Київ,Ні,Ні,Ні,Ні,Так,Ні,Ні,Ні,,Київ,Ні,Ні,Так,Ні,Ні,Ні,Побачила новини і ахуєла,Так,Ні,Ні,Ні,,"1. Мені не все одно.
2. Я виходжу не тільки за себе, а і: за мій дім, місто Суми, яке лишилось незахищеним, за мого зниклого безвісти батька, причиною чого є некомпетентне командування.
3. Я хочу бути одним з багатьох голосів, які почують. І причина мого виходу навіть не у Федорові, а у тому, що корупція нас вбʼє швидше за російські ракети. Що некомпетентність нас вбʼє швидше. Що відсутність гуманізму у війську стане нашим кінцем.",Так,Безумовно так,Безумовно так,Безумовно так,1 - Зовсім не довіряю,5,1 - Зовсім не довіряю,6,3,3,,5,Не погоджуюсь,0 - Зовсім неприйнятно,Так
233,Так,10,2026-08-03 21:14:32,2026-08-03 21:19:00,Так,Так,Так,Жіноча,24,м. Київ,Ні,Ні,Так,Ні,Так,Ні,Ні,Ні,,Київ,Так,Ні,Ні,Так,Ні,Ні,,Так,Ні,Ні,Ні,,Мене дуже вибісили ці незрозумілі та абсолютно непрозорі перестановки в Кабміні і той факт що рішення приймалося лише ОП,Ні,Скоріше ні,Скоріше ні,Скоріше ні,2,3,3,6,4,6,"Железняк, Совсун, Качка",4,Зовсім не погоджуюсь,0 - Зовсім неприйнятно,Так
234,Так,10,2026-08-03 21:52:05,2026-08-03 21:55:40,Так,Так,Так,Чоловіча,24,Київська,Ні,Ні,Ні,Ні,Так,Ні,Ні,Ні,,Киів,Ні,Ні,Так,Ні,Ні,Ні,,Ні,Так,Ні,Ні,,Можливість зради,Ні,Скоріше ні,Точно ні,Точно ні,5,6,4,6,"Не знаю, хто це","Не знаю, хто це",,Важко сказати,Зовсім не погоджуюсь,0 - Зовсім неприйнятно,Так
235,Ні,8,2026-08-03 22:01:21,2026-08-03 22:06:38,Так,Так,Так,Чоловіча,23,Львівська,Ні,Ні,Так,Ні,Ні,Ні,Ні,Ні,,Львів,Ні,Так,Так,Ні,Ні,Ні,,Ні,Ні,Так,Ні,,Проти Сирського,Ні,Скоріше ні,Точно ні,Скоріше ні,2,6,2,7 - Повністю довіряю,1 - Зовсім не довіряю,5,Нікому,5,Не погоджуюсь,0 - Зовсім неприйнятно,
236,Так,10,2026-08-03 22:18:54,2026-08-03 22:31:21,Так,Так,Так,Інше,25,Тернопільська,Ні,Ні,Ні,Ні,Ні,Так,Ні,Так,,Тернопіль,Ні,Так,Так,Ні,Ні,Ні,,Так,Ні,Ні,Так,,"хочу прийняти участь у впливі на рішення влади, проявити себе як учасника політичного життя україни, виконати громадянський обов'язок у виявленні своєї думки на рахунок рішень, що приймаються в масштабах країни.",Так,Безумовно так,Скоріше ні,Скоріше ні,4,7 - Повністю довіряю,1 - Зовсім не довіряю,7 - Повністю довіряю,1 - Зовсім не довіряю,1 - Зовсім не довіряю,складно сказати,4,Не погоджуюсь,0 - Зовсім неприйнятно,Так
237,Так,10,2026-08-03 22:22:49,2026-08-03 22:26:58,Так,Так,Так,Жіноча,20,Тернопільська,Ні,Ні,Так,Ні,Так,Ні,Ні,Ні,,Тернопіль,Ні,Ні,Ні,Ні,Так,Ні,,Так,Ні,Ні,Ні,,Вернути Федорова,Так,Важко відповісти,Точно ні,Скоріше так,1 - Зовсім не довіряю,5,1 - Зовсім не довіряю,2,"Не знаю, хто це","Не знаю, хто це",Інна Совсун,2,Зовсім не погоджуюсь,Важко сказати,Так
238,Так,10,2026-08-03 22:27:43,2026-08-03 22:31:22,Так,Так,Так,Жіноча,19,м. Київ,Ні,Ні,Так,Ні,Ні,Ні,Ні,Ні,,Київ,Ні,Ні,Так,Ні,Ні,Ні,,Так,Так,Ні,Ні,,зберегти ефктивність зсу та державність України,Так,Безумовно так,Скоріше ні,Скоріше ні,Важко сказати,7 - Повністю довіряю,1 - Зовсім не довіряю,5,Важко сказати,"Не знаю, хто це",Михайлу Федорову,3,Зовсім не погоджуюсь,0 - Зовсім неприйнятно,Так
239,Так,10,2026-08-04 03:53:19,2026-08-04 03:57:26,Так,Так,Так,Жіноча,24,м. Київ,Ні,Ні,Ні,Ні,Так,Ні,Ні,Ні,,Київ,Ні,Так,Так,Ні,Ні,Ні,,Так,Ні,Ні,Ні,,Єдиний спосіб вплинути на владу під час війни,Так,Безумовно так,Скоріше так,Безумовно так,1 - Зовсім не довіряю,5,1 - Зовсім не довіряю,7 - Повністю довіряю,4,3,"Совсун, Федоров",8,Зовсім не погоджуюсь,0 - Зовсім неприйнятно,Так
240,Так,10,2026-08-04 11:07:11,2026-08-04 11:13:55,Так,Так,Так,Жіноча,31,м. Київ,Ні,Ні,Ні,Ні,Так,Ні,Ні,Ні,,Київ,Ні,Ні,Так,Ні,Ні,Ні,,Ні,Так,Ні,Так,Акаунт в x.com Дмитра Козятинського,"Висловити позицію категоричної незгоди з кадровою політикою вищого політичного керівництва, несистемністю роботи ключових органів, відсутністю прозорої комунікації з громадянським суспільством",Так,Безумовно так,Скоріше ні,Важко відповісти,2,6,1 - Зовсім не довіряю,6,2,4,,5,Не погоджуюсь,1,Так
241,Так,10,2026-08-04 20:06:59,2026-08-04 20:19:50,Так,Так,Так,Жіноча,18,м. Київ,Ні,Ні,Так,Ні,Ні,Ні,Ні,Ні,,Київ,Ні,Ні,Так,Ні,Ні,Ні,,Ні,Так,Так,Ні,,"Висловити незгоду із рішенням президента про звільнення міністра оборони Михайла Федорова і закликати повернути кандидатуру другого на посаду, щоби не дати загальмувати нашу оборону і реалізацію проєктів над якими працювала команда усі минулі місяці",Ні,Точно ні,Скоріше ні,Важко відповісти,3,7 - Повністю довіряю,2,7 - Повністю довіряю,2,5,"Совсун, Федоров",5,Не погоджуюсь,3,Ні
242,Так,10,2026-08-05 10:37:02,2026-08-05 10:47:15,Так,Так,Так,Чоловіча,24,Чернівецька,Ні,Ні,Ні,Ні,Так,Ні,Ні,Так,,Чернівці,Ні,Ні,Так,Ні,Ні,Ні,"Коли звільнили уряд, очікував що будуть протести і моніторив щоб доєднатись.",Так,Ні,Ні,Ні,,"Спровокувати зміни в кадровій політиці, привернути увагу Президента. Відвести курс політики від кулуарної та від такої, що підтримує корупційні механізми. Змусити переглянути звільнення Федорова.",Так,Безумовно так,Точно ні,Скоріше ні,2,6,4,5,2,5,"Федоров, Буданов, Стерненко",3,Не погоджуюсь,2,Так
243,Так,10,2026-08-05 16:55:58,2026-08-05 17:04:55,Так,Так,Так,Жіноча,37,м. Київ,Ні,Ні,Ні,Ні,Так,Ні,Ні,Ні,,Київ,Ні,Ні,Так,Ні,Ні,Ні,,Ні,Так,Ні,Ні,,"Повернути Михайла Федорова на посаду міністра оборони України. За його каденції міністром оборони я нарешті відчула, що Перемога України вже не обстрактне поняття, а мета з чітким планом.",Так,Безумовно так,Скоріше ні,Безумовно так,2,7 - Повністю довіряю,1 - Зовсім не довіряю,5,Важко сказати,Важко сказати,Нікому,Важко сказати,Не погоджуюсь,0 - Зовсім неприйнятно,Так
244,Ні,7,2026-08-05 19:12:17,2026-08-05 19:14:55,Так,Так,Так,Жіноча,19,Житомирська,Ні,Ні,Так,Ні,Ні,Ні,Ні,Ні,,м. Житомир,Так,Ні,Так,Ні,Ні,Ні,,Ні,Ні,Так,Так,,Впливати на своє майбутнє,Ні,Скоріше так,Скоріше ні,Важко відповісти,,,,,,,,,,,
245,Ні,5,2026-08-05 19:22:06,2026-08-05 19:23:00,Так,Так,Так,Жіноча,22,Київська,Ні,Ні,Так,Ні,Так,Ні,Ні,Ні,,Київ,Ні,Так,Так,Ні,Ні,Ні,,Так,Ні,Ні,Ні,,,,,,,,,,,,,,,,,
246,Так,10,2026-08-05 20:23:32,2026-08-05 20:36:00,Так,Так,Так,Чоловіча,25,Харківська,Ні,Ні,Ні,Ні,Так,Ні,Ні,Ні,,Харків,Ні,Ні,Так,Ні,Ні,Ні,,Так,Ні,Так,Ні,,Висвітлення внутрішніх проблем держави,Так,Безумовно так,Скоріше ні,Скоріше ні,1 - Зовсім не довіряю,5,1 - Зовсім не довіряю,Важко сказати,2,Важко сказати,"Буданов, Федоров, Терехов, Гололобов, Железняк",6,Зовсім не погоджуюсь,2,Так
247,Так,10,2026-08-05 21:46:05,2026-08-05 21:59:20,Так,Так,Так,Чоловіча,24,м. Київ,Ні,Ні,Ні,Ні,Так,Ні,Ні,Ні,,Київ,Ні,Ні,Так,Ні,Ні,Ні,побачив новини,Так,Ні,Ні,Ні,,"спершу повернення Федорова на посаду. зараз це про неадекватність кадрових та інших рішень президента в цілому. вони недоречні в часі (заміни міністра оборони 4 рази за 2 роки це не ок). вони непрозорі – нема жодного діалогу з суспільством – про цілі міністрів, їхні досягнення і проблеми, причини призначень та звільнень. через відсутність комунікації вони видаються зовсім необґрунтованими – чому заміняти людину з успіхами та великою командою на генерала, який був на своєму місці, чому призначати умєрова на посаду МЗР замість потужного генерала, чому призначати медійного Кіма на Мінветеранів замість людей , які живуть у цьому контексті (необовʼязково ветерани до речі). вони одноосібні – парламент і кабмін не бере жодної участі в прийнятті рішень, все робить одна людина. ціль мого виходу на протести – аби рішення перестали бути такими.",Так,Скоріше так,Скоріше так,Скоріше так,1 - Зовсім не довіряю,6,2,6,3,5,"Федорову, Корецькому",6,Зовсім не погоджуюсь,0 - Зовсім неприйнятно,Так
248,Так,10,2026-08-05 22:35:42,2026-08-05 22:42:35,Так,Так,Так,Чоловіча,39,м. Київ,Ні,Ні,Ні,Ні,Так,Ні,Ні,Ні,,Київ,Ні,Так,Так,Ні,Ні,Ні,,Так,Ні,Ні,Ні,,Протест проти свавільної політики Зеленського в умовах боротьби нації за виживання.,Так,Безумовно так,Скоріше ні,Важко відповісти,1 - Зовсім не довіряю,3,1 - Зовсім не довіряю,6,1 - Зовсім не довіряю,Важко сказати,"Залужний, Залізняк, Радіна",Важко сказати,Зовсім не погоджуюсь,0 - Зовсім неприйнятно,Так
249,Так,10,2026-08-06 18:51:31,2026-08-06 18:54:56,Так,Так,Так,Жіноча,23,м. Київ,Ні,Ні,Ні,Ні,Так,Ні,Ні,Ні,,Київ,Так,Так,Ні,Ні,Ні,Ні,,Ні,Так,Ні,Ні,,Домогтись прозорості прийняття рішень на рівні державного керівництва,Ні,Скоріше ні,Точно ні,Скоріше ні,4,3,2,Важко сказати,1 - Зовсім не довіряю,"Не знаю, хто це",Совсун,4,Не погоджуюсь,1,Так
250,Так,10,2026-08-09 21:00:13,2026-08-09 21:17:25,Так,Так,Так,Жіноча,21,м. Київ,Ні,Ні,Так,Ні,Так,Ні,Ні,Ні,,"Київ, Львів, Харків",Так,Ні,Так,Ні,Ні,Ні,,Так,Ні,Ні,Ні,,"Дати владі зрозуміти, що воєнний стан та відсутність виборів через це не дає їм право робити все, що заманеться. Настільки очевидно прикривати корупційні схеми, ставити на високі держ посади за лояльність, а не компетентність. 

Досягти діалогу та того, аби влада визнала свої помилки і чомусь навчилась.",Так,Безумовно так,Скоріше ні,Скоріше ні,3,6,1 - Зовсім не довіряю,6,1 - Зовсім не довіряю,5,"Федоров, Драпатий",3,Зовсім не погоджуюсь,0 - Зовсім неприйнятно,Так
251,Так,10,2026-08-09 21:01:01,2026-08-09 21:07:31,Так,Так,Так,Жіноча,23,м. Київ,Ні,Ні,Ні,Ні,Ні,Ні,Ні,Так,,Київ,Ні,Ні,Так,Ні,Ні,Ні,,Так,Ні,Ні,Ні,,"Спершу виразити власну незгоду з кадровими рішеннями, далі — показати, що ми ""не лохи"" і нас багато таких, хто активно переймається долею країни.",Так,Безумовно так,Важко відповісти,Важко відповісти,2,7 - Повністю довіряю,3,7 - Повністю довіряю,3,5,"Іронічно, але багато в чому Безуглій 😁; Федоров, Совсун",7,Не погоджуюсь,7,Так
252,Так,10,2026-08-09 21:10:13,2026-08-09 21:13:48,Так,Так,Так,Жіноча,30,Київська,Ні,Ні,Ні,Ні,Так,Ні,Ні,Ні,,Київ,Ні,Ні,Ні,Ні,Ні,Ні,Побачила несправделивість,Так,Ні,Ні,Ні,,"Корупція, яка дістала.  Людей адекватних міняють на корупціонерів",Так,Безумовно так,Скоріше ні,Важко відповісти,2,7 - Повністю довіряю,1 - Зовсім не довіряю,6,3,4,,Важко сказати,Зовсім не погоджуюсь,10 - Цілком прийнятно,Так
253,Так,10,2026-08-09 21:11:28,2026-08-09 21:31:00,Так,Так,Так,Жіноча,26,м. Київ,Ні,Ні,Ні,Ні,Так,Ні,Ні,Ні,,Київ,Ні,Ні,Ні,Ні,Ні,Ні,"Побачила події які відбулись (звільнення Федорова) побачила про це дописи блогерів, відчула смуток і несправедливість, побачила в тредс що збираються люди і захотіла приєднатись.",Ні,Так,Ні,Ні,З тредс.,"Моя мета: підтримати протести, показати владі, що не погоджуюсь з такими хаотичними кадровими рішеннями. Мене влаштовував пан Федоров на посаді міністра оборони і не влаштовує його звільнення без комунікації і пояснень. Мене непокоїть куди рухається влада і яких цілей вона хоче досягти. Ситуація виглядає так, що президент за корупційні схеми, а не за рух в сторону закінчення війни на наших умовах.",Так,Безумовно так,Скоріше ні,Скоріше ні,3,5,2,5,1 - Зовсім не довіряю,5,"Михайло Федоров, Михайло Драпатий, Дмитро Кулеба, Кирило Буданов",Важко сказати,Не погоджуюсь,1,Ні
254,Так,10,2026-08-09 21:14:33,2026-08-09 21:18:34,Так,Так,Так,Чоловіча,35,Івано-Франківська,Ні,Ні,Ні,Ні,Так,Ні,Ні,Ні,,Івано-Франківськ,Ні,Ні,Ні,Ні,Ні,Ні,Самостійно зробив заклик в соцмережах і досі допомагаю людям організовуватись,Ні,Ні,Ні,Ні,Писав самостійно про це в тредсі,Повернення Федорова і цим сприяння реформам закупівель та плану перемоги,Так,Безумовно так,Скоріше ні,Скоріше так,1 - Зовсім не довіряю,6,1 - Зовсім не довіряю,7 - Повністю довіряю,2,4,Федоров,4,Зовсім не погоджуюсь,0 - Зовсім неприйнятно,Так
255,Так,10,2026-08-09 21:22:13,2026-08-09 21:38:31,Так,Так,Так,Жіноча,33,м. Київ,Ні,Ні,Ні,Ні,Так,Ні,Ні,Ні,,Київ,Ні,Ні,Ні,Ні,Ні,Ні,"Вийшла з власної ініціативи, готова була стояти наодинці",Ні,Ні,Ні,Ні,Просто виходила щодня допоки були сили,"1. Повернення Федорова на посаду МО, страх що реформи які вже встигла зробити команда і план перемоги буде відкинуто чи уповільнено
2. Відставка Сирського через саботування реформ, старе управління, безчинства в скелі
3. Обурення відсутності пояснень відставки уряду, висування нових кандидатів без пояснень і плану, навіть якщо це достойні
4. Злість через ігнорування, тиск на військових та мітингувальників
5. Відчуття обєднаності і важливості моєї громадянської позиції
6. Повне нерозуміння що тепер коїться, чому президент і влада мовчить і творить таку авторитарну фігню",Так,Скоріше так,Точно ні,Важко відповісти,2,7 - Повністю довіряю,4,7 - Повністю довіряю,2,5,"Федоров, драпатий, Білецький, броуді",5,Не погоджуюсь,0 - Зовсім неприйнятно,Ні
256,Ні,5,2026-08-09 21:30:29,2026-08-09 21:33:16,Так,Так,Так,Жіноча,23,Київська,Ні,Ні,Ні,Ні,Так,Ні,Ні,Ні,,Київ,Ні,Ні,Ні,Ні,Ні,Ні,Зміна ефективного міністра оборони,Ні,Так,Ні,Ні,,,,,,,,,,,,,,,,,
257,Так,10,2026-08-09 21:30:39,2026-08-09 21:36:26,Так,Так,Так,Жіноча,22,Одеська,Ні,Ні,Так,Ні,Так,Ні,Ні,Ні,,Одеса,Ні,Так,Так,Ні,Ні,Ні,,Так,Так,Ні,Ні,,"Перешкоджання корупційним схемам в Уряді, надання ефективним міністрам змоги працювати і втілювати в реальність проєкти, які наближають Україну до перемоги",Так,Безумовно так,Точно ні,Безумовно так,1 - Зовсім не довіряю,7 - Повністю довіряю,1 - Зовсім не довіряю,7 - Повністю довіряю,"Не знаю, хто це",Важко сказати,"Федоров, Драпатий, Буданов, Залужний",3,"Наскільки погоджуюсь, настільки і не погоджуюсь",10 - Цілком прийнятно,Так
258,Так,10,2026-08-09 21:31:37,2026-08-09 21:41:48,Так,Так,Так,Жіноча,34,м. Київ,Ні,Ні,Ні,Ні,Так,Ні,Ні,Ні,,Київ,Ні,Ні,Так,Ні,Ні,Ні,,Так,Ні,Ні,Ні,,"Обурення необґрунтованих політичних рішень: 
1. Відставка уряду, без зворотнього звʼязку перед суспільством,від облич які прийняли і узгодили це рішення 
2. Необґрунтовані призначення в подальшому 
3. Підозра про корупційні схеми, які призвели до відставки уряду
4. Обурення щодо дій Сирського",Так,Безумовно так,Скоріше ні,Скоріше так,1 - Зовсім не довіряю,6,1 - Зовсім не довіряю,6,3,4,"Федоров, Залужний, Дропатий",Важко сказати,Зовсім не погоджуюсь,1,Так
259,Так,10,2026-08-09 21:33:02,2026-08-09 22:02:29,Так,Так,Так,Чоловіча,24,м. Київ,Ні,Ні,Ні,Ні,Так,Ні,Ні,Ні,,Київ,Так,Так,Ні,Ні,Ні,Ні,,Так,Ні,Ні,Ні,Кожен день в один і той самий час. Запам'ятав раз і ходжу,"Пояснення змін в уряді, а особливо останні перестановки із спробую пристроїти людей, яких через цей ""двіж"" зняди з посад
Повернення Федорова як крок після прийняття, що адекватних причин звільнення немає
Відкат деяких кадрових рішень: Клименка, Вигівського (хоча із корупційними скандалами можливо краще звільнення), Умєрова (в принципі прибрати з уряду), Хмару
Обґрунтування кадрової політики і проговорення це з народом (в обличчі журналістів - і опозиційних також) у майбутньому",Так,Безумовно так,Важко відповісти,Важко відповісти,3,5,3,6,5,6,"Не впевнений, що довіряю хоча б якимось. Ставлюсь із пересторогою до будь-якого політика",4,Зовсім не погоджуюсь,2,Ні
260,Так,10,2026-08-09 21:35:29,2026-08-09 21:42:06,Так,Так,Так,Жіноча,43,Київська,Ні,Ні,Ні,Ні,Так,Ні,Ні,Ні,,Київ,Ні,Ні,Так,Ні,Ні,Ні,,Ні,Так,Ні,Ні,,"Я вважаю що звільнення Федорова є величезною помилкою, і хочу щоб президент надав пояснення",Так,Безумовно так,Точно ні,Скоріше ні,Важко сказати,7 - Повністю довіряю,2,7 - Повністю довіряю,Важко сказати,6,"В. Чалий, Стерненко, Федоров, Притула",6,Зовсім не погоджуюсь,0 - Зовсім неприйнятно,Так
261,Так,10,2026-08-09 21:36:09,2026-08-09 21:39:15,Так,Так,Так,Жіноча,23,м. Київ,Ні,Ні,Ні,Ні,Так,Ні,Ні,Ні,,Київ,Ні,Так,Ні,Ні,Ні,Ні,,Так,Ні,Ні,Ні,,"У мене є чітка політична позиція. Також я розумію, що протести зараз не за одну людина, а за цілу систему та адекватну комунікацію з громадянами.",Так,Безумовно так,Скоріше ні,Безумовно так,1 - Зовсім не довіряю,7 - Повністю довіряю,1 - Зовсім не довіряю,6,Важко сказати,1 - Зовсім не довіряю,Нікому,5,Зовсім не погоджуюсь,0 - Зовсім неприйнятно,Ні
262,Ні,5,2026-08-09 21:44:46,2026-08-09 21:57:47,Так,Так,Так,Жіноча,29,м. Київ,Ні,Ні,Ні,Ні,Так,Ні,Ні,Ні,,Київ,Ні,Ні,Ні,Ні,Ні,Ні,Заклик небайдужих незнайомих людей у соц мережах,Ні,Так,Ні,Ні,,"Відстояти призначення дійсно ефективного міністра, який вірю, що працює на благо країни, відкрито бореться з корупцією та звітує про пророблену роботу, невдачі, та план подальших дій, та дійсно може принести позитивні зміни в МО та повпливати на покращення позиції української армії в цій війні.",Так,Безумовно так,Важко відповісти,Скоріше так,3,6,1 - Зовсім не довіряю,6,1 - Зовсім не довіряю,2,"М. Федоров, Д. Кулеба, К. Буданов",Важко сказати,Зовсім не погоджуюсь,2,Ні
263,Так,10,2026-08-09 21:50:06,2026-08-09 21:54:35,Так,Так,Так,Жіноча,25,Дніпропетровська,Ні,Ні,Ні,Ні,Ні,Ні,Ні,Так,,Дніпро,Ні,Так,Так,Ні,Ні,Ні,,Так,Ні,Ні,Ні,,"повернення Федорова на посаду МОУ. прозора комунікація від влади (в першу чергу, президента) стосовно сумнівних кадрових рішень. відставка та притягнення до відповідальності Сирського.",Так,Безумовно так,Скоріше ні,Скоріше так,1 - Зовсім не довіряю,6,1 - Зовсім не довіряю,6,3,Важко сказати,"наразі, Федорову, Драпатому та Інні Совсун.",4,Зовсім не погоджуюсь,0 - Зовсім неприйнятно,Так
264,Так,10,2026-08-09 21:58:48,2026-08-09 22:05:46,Так,Так,Так,Жіноча,33,Перебуваю за кордоном,Ні,Ні,Ні,Ні,Так,Ні,Ні,Ні,,"Київ, Львів",Так,Ні,Так,Ні,Ні,Ні,,Ні,Так,Так,Ні,,заявити свою громадянську позицію,Так,Безумовно так,Точно ні,Важко відповісти,3,7 - Повністю довіряю,1 - Зовсім не довіряю,7 - Повністю довіряю,1 - Зовсім не довіряю,6,"Михайлу Федорову, Валерію Залужному, Петру Порошенку",4,Зовсім не погоджуюсь,0 - Зовсім неприйнятно,Так
265,Так,10,2026-08-09 22:01:16,2026-08-09 22:09:26,Так,Так,Так,Жіноча,31,Київська,Ні,Ні,Ні,Ні,Ні,Ні,Ні,Ні,"Ветеранка, на даний момент діючий ФОП",Київ,Ні,Ні,Так,Ні,Ні,Ні,,Так,Ні,Ні,Ні,,"Відстояти своє право впливати на процеси, що відбуваються в державі. А саме - повернути на посаду міністра оборони Федорова, звільнення Сирського, якого глибше, то проти корупції, за нові підходи у вагоні війни з Росією, модернізацію війська, збереження життів та чіткий план перемоги.",Так,Безумовно так,Точно ні,Безумовно так,1 - Зовсім не довіряю,7 - Повністю довіряю,1 - Зовсім не довіряю,6,1 - Зовсім не довіряю,3,"Федоров, Залужний, Буданов, Свириденко",3,Не погоджуюсь,10 - Цілком прийнятно,Так
266,Так,10,2026-08-09 22:02:34,2026-08-09 22:32:16,Так,Так,Так,Жіноча,35,м. Київ,Ні,Ні,Ні,Ні,Так,Ні,Ні,Ні,,Київ,Ні,Ні,Так,Ні,Ні,Ні,,Ні,Так,Ні,Ні,Франка на 19:00-20:00 годин кожен день. Тут анонси і організатори не потрібні.,"Міністр оборони, який довів свою ефективність, знятий нормальних без пояснень. Знятий за боротьбу з корупцією в МО? Ігнорування народу. Корупція. Президент зняв Федорова, бо він заважав красти гроші наближеним до президента людям?
Президент приймає рішення вигідні для його оточення, а не країни. Корупція головна причина чому ми можемо програти. Президент обіцяв боротись з корупцією, а виглядає так що він її очолює: після минулорічних НАБУ і САП, плюс звільнення Федорова - це все веде до думок про корупцію президента. Канікули в ВР коли в країні така криза не можуть бути. Повернення Федорова - це крок до прозорості і ефективності закупівлі зброї, довіра партнерів. Тут багато, що можна ще писати… Ще про Вероніку Фен-шуй згадалось - ну це ж повний треш… Там точно влада при розумі?
Мета: позбутися корупції, технологічне випередження росії, ефективна закупівля зброї і її розподіл - а Федоров це людина, яка може це забезпечити. Корупція вбиває. Змінемось або загинемо.",Так,Безумовно так,Скоріше ні,Скоріше так,2,6,1 - Зовсім не довіряю,7 - Повністю довіряю,Важко сказати,Важко сказати,Нікому,7,Не погоджуюсь,0 - Зовсім неприйнятно,Ні
267,Так,10,2026-08-09 22:10:19,2026-08-09 22:16:19,Так,Так,Так,Чоловіча,25,м. Київ,Ні,Ні,Ні,Ні,Так,Ні,Ні,Ні,,Київ,Ні,Ні,Так,Ні,Ні,Ні,,Так,Ні,Ні,Ні,,"Я хочу показати, що я не погоджуюся з підходом влади до прийняття рішень без відкритої комунікації з народом",Так,Скоріше так,Скоріше так,Скоріше так,4,4,2,5,"Не знаю, хто це",4,,5,Не погоджуюсь,0 - Зовсім неприйнятно,Так
268,Так,10,2026-08-09 22:13:52,2026-08-09 22:18:22,Так,Так,Так,Жіноча,26,м. Київ,Ні,Ні,Ні,Ні,Так,Ні,Ні,Ні,,Київ,Ні,Ні,Ні,Ні,Ні,Ні,"Почались станції щодо військових, які підтримували акції публічно",Ні,Так,Так,Так,,"Вийти за військових, які стоять за мене ""там""",Ні,Скоріше ні,Скоріше ні,Скоріше ні,2,6,1 - Зовсім не довіряю,7 - Повністю довіряю,4,7 - Повністю довіряю,"Грищук Роман, Федоров",8,Зовсім не погоджуюсь,0 - Зовсім неприйнятно,Так
269,Так,10,2026-08-09 22:15:20,2026-08-09 22:18:29,Так,Так,Так,Чоловіча,23,Рівненська,Ні,Ні,Ні,Ні,Так,Ні,Ні,Ні,,Рівне,Ні,Ні,Ні,Ні,Ні,Ні,Побачив пост в соцмережі від незнайомої людини,Так,Так,Ні,Ні,,Повернути Михайла Федорова на пост міністра оборони,Так,Безумовно так,Точно ні,Безумовно так,2,7 - Повністю довіряю,1 - Зовсім не довіряю,7 - Повністю довіряю,1 - Зовсім не довіряю,5,"Притула, Стерненко",4,Не погоджуюсь,0 - Зовсім неприйнятно,Ні
270,Так,10,2026-08-09 22:20:28,2026-08-09 22:29:31,Так,Так,Так,Жіноча,25,Рівненська,Ні,Ні,Ні,Ні,Ні,Так,Ні,Ні,,Рівне,Ні,Так,Так,Ні,Ні,Ні,,Ні,Так,Ні,Ні,,"Досягти прозорості в роботі Міністерства Оборони та державних органах, підняти питання щодо вирішення корупційних проблем в сфері оборонних закупівель, які напряму впливають на позиції України у війні з росією, а також досягти справедливого ставлення до військовослужбовців та людей, які повʼязані з військовою діяльністю, але піддаються цькуванню та переслідуванню через свою позицію",Так,Важко відповісти,Скоріше так,Безумовно так,1 - Зовсім не довіряю,7 - Повністю довіряю,1 - Зовсім не довіряю,7 - Повністю довіряю,1 - Зовсім не довіряю,Важко сказати,"Михайло Федоров, Павло Єлізаров, Ярослав Железняк",Важко сказати,Зовсім не погоджуюсь,0 - Зовсім неприйнятно,Ні
271,Так,10,2026-08-09 22:20:54,2026-08-09 22:26:57,Так,Так,Так,Жіноча,24,м. Київ,Ні,Ні,Ні,Ні,Так,Ні,Ні,Ні,,Київ,Ні,Так,Так,Ні,Ні,Ні,,Так,Так,Ні,Ні,,"Мені потрібно, щоб високопосадовці, президент в першу чергу, вийшли на відкритий діалог із суспільством.",Так,Безумовно так,Важко відповісти,Скоріше так,3,6,1 - Зовсім не довіряю,6,4,4,"Залужний, Буданов, Федоров",Важко сказати,Не погоджуюсь,0 - Зовсім неприйнятно,Ні
272,Так,10,2026-08-09 22:29:37,2026-08-09 22:34:24,Так,Так,Так,Чоловіча,32,м. Київ,Ні,Ні,Ні,Ні,Так,Ні,Ні,Ні,,Київ,Ні,Ні,Ні,Ні,Ні,Ні,"Побачив питання від різних корисувачів соцмереж, чи буде акція, і зрозумів, що треба братись за організацію.",Ні,Так,Ні,Ні,Це був спонтанний процес у соцмережах,"Показати що в тилу залишилось достатьньо небайдужих людей, які слідкують за політичним процесом.",Так,Безумовно так,Точно ні,Точно ні,1 - Зовсім не довіряю,6,1 - Зовсім не довіряю,7 - Повністю довіряю,5,6,"Железняк, Совсун",4,Не погоджуюсь,3,Так
273,Так,10,2026-08-09 22:33:58,2026-08-09 22:37:08,Так,Так,Так,Чоловіча,28,м. Київ,Ні,Ні,Ні,Ні,Так,Ні,Ні,Ні,,Київ,Ні,Ні,Так,Ні,Ні,Так,,Так,Ні,Ні,Ні,,"Дістала корупція та одні і ті самі обличчя 
Дістало, що звільняють ефективних менеджерів",Так,Безумовно так,Безумовно так,Безумовно так,1 - Зовсім не довіряю,7 - Повністю довіряю,1 - Зовсім не довіряю,7 - Повністю довіряю,1 - Зовсім не довіряю,Важко сказати,Нема таких,3,Зовсім не погоджуюсь,0 - Зовсім неприйнятно,Ні
274,Так,10,2026-08-09 22:35:25,2026-08-09 22:48:16,Так,Так,Так,Жіноча,29,Одеська,Ні,Ні,Ні,Ні,Так,Ні,Ні,Ні,,Одеса,Ні,Так,Так,Ні,Ні,Ні,,Так,Ні,Ні,Так,,"прохора політика, пряма комунікація з народом, повернення Федорова на посаду МО, встановлення на посаду мінвет ветерана, взяття курсу на інновації у війську, а також реформи, такі як встановлення термінів служби, збільшення зарплат військовослужбовців на всіх посадах, ротація між бойовими бригадами і тиловими, реабілітація військових психологічна і фізична на держ рівні",Так,Безумовно так,Скоріше так,Безумовно так,1 - Зовсім не довіряю,5,1 - Зовсім не довіряю,6,1 - Зовсім не довіряю,4,"Михайло Драпатий, Михайло Федоров, Інна Совсун",5,Зовсім не погоджуюсь,0 - Зовсім неприйнятно,Так
275,Так,10,2026-08-09 22:36:16,2026-08-09 22:43:13,Так,Так,Так,Жіноча,34,Львівська,Ні,Ні,Ні,Ні,Так,Ні,Ні,Ні,,Львів,Ні,Ні,Ні,Ні,Ні,Ні,новини про відставку Федорова.,Ні,Так,Ні,Так,,"Прояв громадської позиції, підтримка ефективного міністра оборони, підтримка ефективних реформ і змін на фронті, підтримка військових",Так,Безумовно так,Скоріше ні,Важко відповісти,5,7 - Повністю довіряю,1 - Зовсім не довіряю,7 - Повністю довіряю,Важко сказати,6,"Федоров, Драпатий",5,Зовсім не погоджуюсь,0 - Зовсім неприйнятно,Так
276,Так,10,2026-08-09 22:37:15,2026-08-09 22:45:29,Так,Так,Так,Жіноча,27,Одеська,Ні,Ні,Ні,Ні,Так,Ні,Ні,Ні,,Одеса,Ні,Так,Так,Ні,Ні,Ні,,Так,Ні,Ні,Ні,,"Мета: щоб президент чув свій народ, ми побачили інноваційні ідеї від Федорова, що могло б дуже круто спрацювати на користь нашої держави і побачили, як його усунули. Щоб що? Бо зима близько?(?) Верховна рада вже не вперше так робить і у мене в голові не вкладається, як хм сумління дозволяє спати, коли кинули державу, військових без міністра оборони і пішли собі відпочивати! У деяких військових роками відпусток нема, а ці... Або що не ветеран буде щось вирішувати за ветеранів... Також виходила проти 15150, за набу. Тобто це не просто що побачила в соцмережах прикольний заклик на рандомне зібрання людей і пішла собі.",Так,Безумовно так,Скоріше ні,Важко відповісти,3,6,1 - Зовсім не довіряю,6,1 - Зовсім не довіряю,3,"Не сказала б, що до когось є довіра прям, у нас дуже мала кількість людей, які реально щось роблять для держави. Федоров наблизився до довіри.",4,Зовсім не погоджуюсь,0 - Зовсім неприйнятно,Так
277,Так,10,2026-08-09 22:37:33,2026-08-09 22:42:06,Так,Так,Так,Жіноча,24,Дніпропетровська,Ні,Ні,Ні,Ні,Так,Ні,Ні,Ні,,"Дніпро, Луцьк, Львів",Ні,Так,Так,Ні,Ні,Ні,,Так,Так,Ні,Так,,В ідеалі повернення Федорова на посаду МО; невдоволення загалом кадровою політикою та непрозорістю комунікації,Так,Безумовно так,Скоріше ні,Скоріше ні,1 - Зовсім не довіряю,5,1 - Зовсім не довіряю,6,1 - Зовсім не довіряю,4,Інна Совсун,4,Не погоджуюсь,0 - Зовсім неприйнятно,Так
278,Так,10,2026-08-09 22:39:35,2026-08-09 22:43:53,Так,Так,Так,Жіноча,33,Рівненська,Ні,Ні,Ні,Ні,Так,Ні,Ні,Ні,,"Рівне, Львів",Ні,Ні,Так,Ні,Ні,Ні,,Так,Ні,Ні,Ні,,"Відстрояти демократію, яка під загрозою",Так,Безумовно так,Скоріше ні,Скоріше так,2,6,Важко сказати,6,Важко сказати,Важко сказати,Нікому,7,Зовсім не погоджуюсь,2,Ні
279,Так,10,2026-08-09 22:40:10,2026-08-09 23:34:15,Так,Так,Так,Чоловіча,21,м. Київ,Ні,Ні,Так,Ні,Ні,Ні,Ні,Ні,,Київ,Ні,Ні,Так,Ні,Ні,Ні,,Так,Так,Так,Ні,,"Хочу аби нас перестали ігнорувати, а також:
Повернули Михайла Федорова на посаду міністра оборони України.
Призначили міністром у справах ветеранів ветерана, а не Віталія Кіма.
Зняли Рустема Умерова з посади голови СЗР, який був задійний у розкритих корупційних схемах (Плівки Міндіча).",Так,Безумовно так,Скоріше так,Безумовно так,2,7 - Повністю довіряю,1 - Зовсім не довіряю,7 - Повністю довіряю,1 - Зовсім не довіряю,3,Нікому,6,Зовсім не погоджуюсь,4,Ні
280,Так,10,2026-08-09 22:45:59,2026-08-09 22:56:19,Так,Так,Так,Жіноча,37,Житомирська,Ні,Ні,Ні,Ні,Так,Ні,Ні,Ні,,Житомир,Ні,Ні,Так,Ні,Ні,Ні,,Ні,Так,Ні,Ні,,"Я голосувала за Зеленського, тому відчуваю свою відповідальність за ту несправедливість, корупцію та узурпацію влади, яку він тепер робить. Також я хочу, щоб повернули Федорова на посаду МО і дали йому робити свою роботу",Так,Важко відповісти,Точно ні,Важко відповісти,1 - Зовсім не довіряю,5,1 - Зовсім не довіряю,4,2,4,Важко відповісти. Я розчарувалась в державних діячах та в державі як в організації життя суспільства. Зараз цікавлюся лібертаріанством,Важко сказати,Зовсім не погоджуюсь,0 - Зовсім неприйнятно,Ні
281,Так,10,2026-08-09 22:49:12,2026-08-09 22:56:57,Так,Так,Так,Жіноча,31,м. Київ,Ні,Ні,Ні,Ні,Так,Ні,Ні,Ні,,"Київ, Львів",Ні,Так,Ні,Так,Ні,Ні,,Ні,Так,Ні,Ні,,"Спочатку - проти корупції, за ефективний менеджмент
Потім - відсутність комунікації",Так,Безумовно так,Безумовно так,Важко відповісти,2,7 - Повністю довіряю,1 - Зовсім не довіряю,Важко сказати,2,Важко сказати,"Федоров, Роман Лозинський та Роман Грищук",Важко сказати,Зовсім не погоджуюсь,Важко сказати,Так
282,Так,10,2026-08-09 22:50:30,2026-08-09 22:57:33,Так,Так,Так,Жіноча,35,м. Київ,Ні,Ні,Ні,Ні,Так,Ні,Ні,Ні,,Київ,Ні,Ні,Так,Ні,Ні,Так,,Ні,Так,Ні,Ні,,"Хочу прозорої комунікації від влади про причини зміни міністрів та інших важливих керівників, від яких залежить моє життя в цій країні.",Так,Безумовно так,Скоріше ні,Скоріше так,1 - Зовсім не довіряю,6,2,6,Важко сказати,5,"Федоров, Хмара, Драпатий, Інна Совсун, якщо незалежно від списку вище",3,"Наскільки погоджуюсь, настільки і не погоджуюсь",0 - Зовсім неприйнятно,Ні
283,Так,10,2026-08-09 22:52:30,2026-08-09 22:59:22,Так,Так,Так,Жіноча,32,Черкаська,Ні,Ні,Ні,Ні,Ні,Так,Ні,Ні,,Черкаси,Ні,Ні,Так,Ні,Ні,Ні,,Так,Так,Так,Ні,,"Виявити незгоду з необгрунтованими діями президента і ВР. Закликати до повернення ефективного міністра, надати грунтовні підстави щодо звільнення. Припинити корупцію в МО. Висловити підтримку щодо роботи Федорова на посаді",Ні,Скоріше так,Точно ні,Скоріше ні,2,7 - Повністю довіряю,1 - Зовсім не довіряю,7 - Повністю довіряю,2,2,Нікому,6,Зовсім не погоджуюсь,0 - Зовсім неприйнятно,Ні
284,Ні,7,2026-08-09 22:53:07,2026-08-09 22:55:47,Так,Так,Так,Жіноча,21,м. Київ,Ні,Ні,Ні,Ні,Так,Ні,Ні,Ні,,Київ,Так,Так,Ні,Ні,Ні,Ні,,Так,Ні,Так,Так,,Не дати можливості приймати неефективні рішення,Так,Безумовно так,Важко відповісти,Скоріше так,,,,,,,,,,,
285,Так,10,2026-08-09 22:53:12,2026-08-09 22:57:15,Так,Так,Так,Чоловіча,19,м. Київ,Ні,Ні,Так,Ні,Так,Ні,Ні,Ні,,Київ,Ні,Ні,Так,Ні,Ні,Ні,,Ні,Так,Ні,Ні,,"Відставка Сирського, недопущення репресій військових, виправлення ситуації зі Скелею/іншими поляками подібного роду.",Ні,Точно ні,Точно ні,Точно ні,2,4,2,7 - Повністю довіряю,6,7 - Повністю довіряю,"Буданов, Білецький, Прокопенко, Ходаковський",7,Зовсім не погоджуюсь,2,Ні
286,Так,10,2026-08-09 22:54:34,2026-08-09 23:07:26,Так,Так,Так,Жіноча,32,м. Київ,Ні,Ні,Ні,Ні,Так,Ні,Ні,Ні,,Київ,Ні,Ні,Ні,Ні,Ні,Ні,Побачила в соцмережах де саме будуть протестувати і пішла,Так,Ні,Ні,Ні,,"Продемонструвати, що відсутність комунікації — не ок
Спочатку для мене було пріоритетом, щоб зняли Сирського і повернули Федорова, але основна ідея що тоді, що зараз — нам потрібна адекватна кадрова політика і діалог влади з суспільством",Так,Безумовно так,Скоріше ні,Важко відповісти,3,6,3,6,1 - Зовсім не довіряю,6,"Буданову, Федорову",6,Зовсім не погоджуюсь,2,Ні
287,Так,10,2026-08-09 22:58:17,2026-08-09 23:03:05,Так,Так,Так,Чоловіча,35,м. Київ,Ні,Ні,Ні,Ні,Так,Ні,Ні,Ні,,Київ,Ні,Ні,Так,Ні,Ні,Ні,,Ні,Так,Ні,Ні,,"Виразити незгоду з рішенням президента, наблизити  повернення Федорова на посаду МО",Так,Скоріше так,Скоріше ні,Скоріше так,1 - Зовсім не довіряю,7 - Повністю довіряю,1 - Зовсім не довіряю,6,1 - Зовсім не довіряю,4,"Федоров, Бахматов",Важко сказати,Зовсім не погоджуюсь,0 - Зовсім неприйнятно,Ні
288,Так,10,2026-08-09 23:01:30,2026-08-09 23:05:32,Так,Так,Так,Жіноча,28,м. Київ,Ні,Ні,Ні,Ні,Так,Ні,Ні,Ні,,Київ,Ні,Так,Ні,Ні,Ні,Так,,Ні,Так,Ні,Ні,,"1. Повернення Федорова на позицію МО
2. Відставка головкома Сирського",Так,Безумовно так,Точно ні,Скоріше ні,5,7 - Повністю довіряю,2,6,1 - Зовсім не довіряю,5,"Федоров, Зеленський, Буданов, Залужний",Важко сказати,Не погоджуюсь,Важко сказати,Ні
289,Так,10,2026-08-09 23:06:43,2026-08-09 23:10:49,Так,Так,Так,Чоловіча,24,Львівська,Ні,Ні,Ні,Ні,Так,Ні,Ні,Ні,,Львів,Ні,Так,Ні,Так,Ні,Ні,,Так,Ні,Ні,Ні,,"1. Зупинити свавілля Зеленського 
2. Проявити громадянську позицію",Так,Безумовно так,Точно ні,Скоріше ні,1 - Зовсім не довіряю,4,1 - Зовсім не довіряю,7 - Повністю довіряю,1 - Зовсім не довіряю,3,Петру Порошенку,7,Зовсім не погоджуюсь,0 - Зовсім неприйнятно,Так
290,Так,10,2026-08-09 23:11:46,2026-08-09 23:20:16,Так,Так,Так,Жіноча,25,Харківська,Ні,Ні,Ні,Ні,Так,Ні,Ні,Ні,,"Київ, Харків",Ні,Так,Ні,Ні,Ні,Ні,,Ні,Так,Ні,Ні,,"Припинення славілля та порушення конституції України керівництвом держави. Ми бачимо тенденцію на узурпацію влади, що недопустимо. 
Нам потрібен відкритий  діалог, пояснення рішень які робить президент. Зараз закон писан тільки для робочого класу країни, і відчувається елітне розділення, я хочу щоб кожен відповідав за порушення закону, а не переписув, поправляв його так як їм зручно.",Так,Безумовно так,Скоріше так,Безумовно так,1 - Зовсім не довіряю,5,1 - Зовсім не довіряю,5,2,2,Інна Совсун,7,Зовсім не погоджуюсь,0 - Зовсім неприйнятно,Так
291,Так,10,2026-08-09 23:11:50,2026-08-09 23:19:33,Так,Так,Так,Чоловіча,30,м. Київ,Ні,Ні,Так,Ні,Ні,Ні,Ні,Ні,,Київ,Ні,Ні,Ні,Ні,Ні,Ні,"Сам зрозумів що вони будуть, щойно з'явилися перші інсайдерською новини, що Федорова планують зняти. Я відразу почав писати про це і мій пост набрав 200к переглядів.",Так,Ні,Ні,Ні,,"Михайло Федоров - ефективний міністр, який має результати, бачення та бореться з корупцією. Ми - громадськість, доб'ємося того аби всі корупціонери втратили свої посади та понесли відповідальність. Не важливо які саме посади вони займають, навіть президента.",Так,Безумовно так,Скоріше ні,Безумовно так,1 - Зовсім не довіряю,6,1 - Зовсім не довіряю,6,2,Важко сказати,"Ярослав Железняк, Разумков, Гончаренко, Безугла, Порошенко та ін.",Важко сказати,Зовсім не погоджуюсь,0 - Зовсім неприйнятно,Так
292,Так,10,2026-08-09 23:23:17,2026-08-09 23:31:31,Так,Так,Так,Жіноча,27,Київська,Ні,Ні,Ні,Ні,Так,Ні,Ні,Ні,,Київ,Ні,Ні,Ні,Ні,Ні,Ні,"15го вночі після новин про ймовірне звільнення Федорова прочитала в тредсі, що люди обурені як і я. Тож 16.06. вранці вже були там усі.",Ні,Так,Ні,Ні,,"Моя критика дій вліди:
- Звільнення Федорова, як одного з не багато хто був з чітким баченням, системним підходом і конкретним планом дій на завершення війни. Що підтверджують навіть військові.
- Кадрові перестановки без логіки. Призначення на посади людей, чия ефективність на попередніх посадах не мала жодних досягнень та ефективності, а також переміщення одних і тих самих посадовців (друзів президента) між міністерствами.(Умєров,Шмигаль і тд)
- Призначення міністром ветеранів не ветерана, а Кіма, який не є ветераном і не має досвіду для роботи саме у сфері ветеранської політики.
- Відсутність реакції на проблеми у війську: закривання очей на свавілля у війську Сирського, «мʼясних» підрозділів і тд..
- Відсутність відчутного прогресу в захисті енергетичної інфраструктури. На 5й рік війни говорити про складну зиму і незахищену енергетику, при цьому близьке коло президента саме на цій сфері вкрали багато коштів (Плівки Міндіча прямий цьому доказ).


Вимоги нас (протестувальників):
(Як я їх для себе формулюю)
- Прозорість кадрових рішень та державного управління.
- Реальний діалог влади з суспільством, а не замовчування критики.
- Призначення на посади за професійністю та компетентністю, а не за особистою лояльністю, дружбою чи політичними зв’язками.
- Чітке бачення, стратегія та план дій щодо ведення війни й розвитку країни.
- Проведення реальних реформ замість збереження старих політичних практик і корупційних схем.
- Невідворотність відповідальності за корупцію незалежно від посади чи політичної приналежності.
- Підзвітність влади перед суспільством.
- Дотримання принципів демократичного врядування навіть в умовах війни.",Так,Безумовно так,Важко відповісти,Важко відповісти,4,6,4,6,3,"Не знаю, хто це","Питання не в довірі, а в очікуваннях.",5,"Наскільки погоджуюсь, настільки і не погоджуюсь",0 - Зовсім неприйнятно,Так
293,Так,10,2026-08-09 23:23:53,2026-08-09 23:36:18,Так,Так,Так,Жіноча,37,Київська,Ні,Ні,Ні,Ні,Так,Ні,Ні,Ні,,Київ,Ні,Ні,Ні,Ні,Ні,Ні,"Обставина, щоб вийти на мітинг одна - свавілля влади через корумпованість",Ні,Ні,Так,Ні,,Мета - тиск на владу для прийняття стратегічно правильних рішень в питаннях управління і боротьби з корупцією цієї влади,Так,Безумовно так,Скоріше ні,Безумовно так,1 - Зовсім не довіряю,6,2,6,1 - Зовсім не довіряю,2,Железняк,5,Зовсім не погоджуюсь,0 - Зовсім неприйнятно,Ні
294,Так,10,2026-08-09 23:26:36,2026-08-09 23:31:24,Так,Так,Так,Жіноча,28,Запорізька,Ні,Ні,Ні,Ні,Так,Ні,Ні,Ні,,Запоріжжя,Ні,Ні,Так,Ні,Ні,Ні,Чат мітингів,Так,Ні,Ні,Ні,Чат,"Відсутність діалогу, прояснень, рішення має корупційні ризики, здається Федорова усунули за те що працював чесно",Так,Безумовно так,Точно ні,Скоріше ні,2,5,1 - Зовсім не довіряю,6,2,3,"Железняк, Совсун",5,Зовсім не погоджуюсь,0 - Зовсім неприйнятно,Так
295,Так,10,2026-08-09 23:26:42,2026-08-09 23:31:31,Так,Так,Так,Жіноча,33,Київська,Ні,Ні,Ні,Ні,Так,Ні,Ні,Ні,,Київ,Ні,Так,Ні,Ні,Ні,Так,,Ні,Ні,Ні,Так,,"Приймати закони і йти на канікули- низько. 
Для чого звільняти тих, хто приносить результат? Досить красти в армії. Військові платять надто дорогу ціну, а наша влада ніяк не на крадеться",Так,Скоріше так,Скоріше ні,Скоріше так,2,7 - Повністю довіряю,1 - Зовсім не довіряю,7 - Повністю довіряю,2,2,"Тим, хто показує гарний результат і кого поважають військові",5,"Наскільки погоджуюсь, настільки і не погоджуюсь",1,Так
296,Так,10,2026-08-09 23:32:41,2026-08-09 23:37:54,Так,Так,Так,Жіноча,22,Хмельницька,Ні,Ні,Ні,Ні,Так,Ні,Ні,Ні,,Хмельницький,Ні,Ні,Ні,Ні,Ні,Ні,"прочитала новини і коментарі під ними від незнайомих людей, що вони будуть виходити",Ні,Так,Ні,Ні,,"спершу за повернення Федорова
потім за звільнення Сирського
згодом за діалог та реформи
зараз проти репресій мітингувальників",Так,Безумовно так,Скоріше ні,Важко відповісти,2,7 - Повністю довіряю,1 - Зовсім не довіряю,5,Важко сказати,5,Федоров,3,Не погоджуюсь,0 - Зовсім неприйнятно,Так
297,Так,10,2026-08-09 23:35:05,2026-08-09 23:39:09,Так,Так,Так,Жіноча,30,м. Київ,Ні,Ні,Ні,Ні,Так,Ні,Ні,Ні,,Київ,Ні,Ні,Так,Ні,Ні,Ні,,Ні,Так,Ні,Ні,,"ефективна оборона України, повернення Михайла Федорова на посаду на якій він сприяв цій задачі, проти корупції на оборонних закупівлях, проти призначення кєнтів на посади, проти автократії",Так,Безумовно так,Точно ні,Скоріше так,1 - Зовсім не довіряю,6,1 - Зовсім не довіряю,5,"Не знаю, хто це",5,залежить від ефективності виконання завдань в даний час на данній посаді. довіряю Федорову саме на посаді МО,3,Зовсім не погоджуюсь,0 - Зовсім неприйнятно,Так
298,Так,10,2026-08-09 23:35:13,2026-08-09 23:48:29,Так,Так,Так,Чоловіча,34,Полтавська,Ні,Ні,Ні,Ні,Так,Ні,Ні,Ні,,м. Полтава,Ні,Ні,Ні,Ні,Ні,Ні,"Сама новина про відставку МО, прийшов виключно з власної ініціативи",Ні,Так,Ні,Ні,Threads,Мета участі: щоб в ЗСУ не припинявся розвиток технологій і щоб на закупівлях не було незаконного збагачення,Так,Скоріше так,Скоріше ні,Скоріше ні,3,5,1 - Зовсім не довіряю,6,1 - Зовсім не довіряю,3,"Марʼяна Безугла, Віталій Портніков",4,Зовсім не погоджуюсь,0 - Зовсім неприйнятно,Ні
299,Так,10,2026-08-09 23:37:54,2026-08-09 23:44:33,Так,Так,Так,Жіноча,21,м. Київ,Ні,Ні,Ні,Ні,Так,Ні,Ні,Ні,,"Київ, Черкаси",Ні,Ні,Так,Ні,Ні,Ні,,Так,Ні,Так,Ні,,"я знала одразу що буду йти на протест, моніторила відставку уряду і як це відбувалось. моя мета — показати президенту, що потрібно комунікувати з українцями в час війни коли неможливі вибори.",Так,Безумовно так,Скоріше ні,Скоріше так,2,5,2,5,4,5,"довіряю десь на 5-6: стерненку, федорову, железняку, совсун, драпатому",4,Зовсім не погоджуюсь,0 - Зовсім неприйнятно,Так
300,Так,10,2026-08-09 23:47:55,2026-08-09 23:57:07,Так,Так,Так,Чоловіча,18,м. Київ,Ні,Так,Ні,Ні,Так,Ні,Ні,Ні,,Київ,Ні,Ні,Так,Так,Ні,Ні,,Так,Ні,Так,Ні,,"Спочатку це була щира лють від цієї несправедливості. Потім, коли емоції вщухли, я побачив, що тут своя спільнота, атмосфера. Завів тут друзів. Тепер часто приїзджаю, як на зустріч з друзями, але про вимоги протесту не забуваю, всередині мене досі є доволі гостре відчуття несправедливості.",Так,Безумовно так,Скоріше ні,Скоріше так,4,7 - Повністю довіряю,3,7 - Повністю довіряю,4,7 - Повністю довіряю,"Федоров, Буданов",5,Зовсім не погоджуюсь,1,Ні
301,Так,10,2026-08-09 23:53:29,2026-08-09 23:58:29,Так,Так,Так,Жіноча,21,м. Київ,Ні,Ні,Так,Ні,Ні,Ні,Ні,Ні,,Київ,Ні,Так,Так,Ні,Ні,Ні,,Ні,Так,Ні,Ні,,Прозорі рішення. Щоб дали адекватні пояснення щодо звільнення Федорова,Так,Безумовно так,Скоріше ні,Важко відповісти,Важко сказати,7 - Повністю довіряю,2,5,1 - Зовсім не довіряю,Важко сказати,Федоров,Важко сказати,Не погоджуюсь,Важко сказати,Ні
302,Так,10,2026-08-10 00:02:45,2026-08-10 00:09:50,Так,Так,Так,Жіноча,29,Київська,Ні,Ні,Ні,Ні,Так,Ні,Ні,Ні,,Київ,Ні,Ні,Так,Ні,Ні,Ні,,Ні,Так,Ні,Ні,,Виказати не згоду з рішеннями чинної влади,Так,Скоріше так,Скоріше ні,Важко відповісти,1 - Зовсім не довіряю,6,1 - Зовсім не довіряю,6,3,2,"Порошенко, Залужний",2,Зовсім не погоджуюсь,0 - Зовсім неприйнятно,Так
303,Так,10,2026-08-10 00:20:30,2026-08-10 00:25:20,Так,Так,Так,Чоловіча,28,м. Київ,Ні,Ні,Ні,Ні,Так,Ні,Ні,Ні,,Київ,Ні,Ні,Так,Ні,Ні,Ні,Дізнався про це і в перший же день пішов,Так,Ні,Ні,Ні,"З самого мітингу, з груп у другу чергу","Повернення України до демократичного ладу, недопущення однією людиною до статусу короля і диктатора країни, повернення першого ефективного члена уряду за моє життя, який має чіткі плани, мети і озвучує їх",Так,Безумовно так,Важко відповісти,Скоріше так,"Не знаю, хто це",7 - Повністю довіряю,1 - Зовсім не довіряю,6,3,Важко сказати,"По суті Федоров - перший, хто домігся від мене довіри",Важко сказати,Зовсім не погоджуюсь,0 - Зовсім неприйнятно,Ні
304,Так,10,2026-08-10 00:25:48,2026-08-10 00:30:52,Так,Так,Так,Чоловіча,24,Одеська,Ні,Ні,Так,Ні,Так,Ні,Ні,Ні,,Одеса,Ні,Так,Ні,Так,Ні,Ні,,Так,Ні,Ні,Ні,"Назначали дату, час і місце як організатори","Координація учасників, діалог з поліцією, активна участь",Так,Скоріше так,Важко відповісти,Важко відповісти,3,6,4,6,Важко сказати,4,,5,Зовсім не погоджуюсь,2,Так
305,Так,10,2026-08-10 00:30:46,2026-08-10 00:34:08,Так,Так,Так,Жіноча,19,м. Київ,Ні,Ні,Так,Ні,Ні,Ні,Ні,Ні,,київ,Ні,Так,Так,Ні,Ні,Ні,,Так,Так,Ні,Так,,використання інструменту демократії для впливу на дії влади,Так,Скоріше так,Важко відповісти,Скоріше ні,5,6,3,5,3,4,складно відповісти,1,"Наскільки погоджуюсь, настільки і не погоджуюсь",0 - Зовсім неприйнятно,Так
306,Так,10,2026-08-10 00:46:29,2026-08-10 00:53:42,Так,Так,Так,Жіноча,47,Київська,Ні,Ні,Ні,Ні,Так,Ні,Ні,Ні,,Київ,Ні,Ні,Так,Ні,Ні,Ні,,Ні,Так,Ні,Ні,,Зробити хоч щось для боротьби з корупцією у державі,Ні,Скоріше ні,Точно ні,Точно ні,2,6,1 - Зовсім не довіряю,7 - Повністю довіряю,1 - Зовсім не довіряю,6,"Драпатий, Федоров",Важко сказати,Зовсім не погоджуюсь,0 - Зовсім неприйнятно,Ні
307,Так,10,2026-08-10 00:51:01,2026-08-10 00:54:55,Так,Так,Так,Жіноча,24,м. Київ,Ні,Ні,Ні,Ні,Так,Ні,Ні,Ні,,Київ,Ні,Так,Ні,Ні,Ні,Ні,Я покликала подруг,Ні,Так,Ні,Ні,,Всемеро і батька бити легше,Так,Скоріше так,Скоріше так,Скоріше так,2,6,1 - Зовсім не довіряю,4,Важко сказати,2,"Ющенко, Чорновол, Железняк",3,Не погоджуюсь,0 - Зовсім неприйнятно,Так
308,Так,10,2026-08-10 00:58:58,2026-08-10 02:46:45,Так,Так,Так,Чоловіча,25,Одеська,Ні,Ні,Ні,Ні,Так,Ні,Ні,Ні,,Одеса,Ні,Ні,Ні,Ні,Ні,Ні,Побачив новини і реакцію співгромадян,Ні,Так,Ні,Ні,,Демонстрація особистої думки щодо стандартів для прийняття кадрових і стратегічних рішень,Так,Безумовно так,Скоріше так,Скоріше так,2,5,3,5,4,4,"В поточному політичному пулі не маю жодної довіреної особистості. У опитуванні вище жодна людина, окрім В. Зеленського не декларує політичні плани і не веде де факто політичну діяльність",4,Зовсім не погоджуюсь,1,Так
309,Так,10,2026-08-10 01:10:01,2026-08-10 01:15:04,Так,Так,Так,Жіноча,18,Івано-Франківська,Ні,Ні,Так,Ні,Ні,Ні,Ні,Ні,,Івано-Франківськ,Ні,Ні,Ні,Так,Ні,Ні,,Так,Ні,Ні,Ні,,"Участь кожного важлива, щоби влада дослухалась до народу",Так,Безумовно так,Точно ні,Скоріше так,Важко сказати,5,1 - Зовсім не довіряю,5,Важко сказати,5,"Драпатий, Хмара, Федоров, але важливо щоби всі були на своїх місцях",4,Зовсім не погоджуюсь,1,Так
310,Так,10,2026-08-10 01:41:41,2026-08-10 01:47:11,Так,Так,Так,Чоловіча,25,м. Київ,Ні,Ні,Ні,Ні,Так,Ні,Ні,Ні,,Київ,Ні,Ні,Так,Ні,Ні,Ні,Був на минулих карточках і мав гучномовця з тамбурином та досвід,Ні,Ні,Так,Ні,Threads,"Модерую, активно долучаюсь до ініціатив, підтримую настрій спільноти",Так,Безумовно так,Скоріше так,Скоріше так,2,6,1 - Зовсім не довіряю,6,Важко сказати,Важко сказати,Інні Совсун,5,Зовсім не погоджуюсь,0 - Зовсім неприйнятно,Так
311,Так,10,2026-08-10 01:45:05,2026-08-10 01:49:48,Так,Так,Так,Чоловіча,27,м. Київ,Ні,Ні,Ні,Ні,Так,Ні,Ні,Ні,,Київ,Ні,Ні,Так,Ні,Ні,Ні,,Так,Ні,Ні,Ні,,"Бажання жити в країні, де народ не є пустим місцем для владних структур.",Так,Безумовно так,Скоріше ні,Скоріше так,2,7 - Повністю довіряю,1 - Зовсім не довіряю,7 - Повністю довіряю,1 - Зовсім не довіряю,6,"Михайло Федоров, Дмитро Кулеба",6,Не погоджуюсь,0 - Зовсім неприйнятно,Ні
312,Так,10,2026-08-10 01:48:48,2026-08-10 01:55:44,Так,Так,Так,Жіноча,19,м. Київ,Ні,Ні,Так,Ні,Так,Ні,Ні,Ні,,Київ,Ні,Ні,Так,Ні,Ні,Ні,,Ні,Ні,Так,Ні,,народ це влада,Так,Безумовно так,Скоріше так,Скоріше так,3,7 - Повністю довіряю,1 - Зовсім не довіряю,7 - Повністю довіряю,Важко сказати,4,Чорновіл,9,"Наскільки погоджуюсь, настільки і не погоджуюсь",5,Так
313,Так,10,2026-08-10 01:49:04,2026-08-10 02:11:16,Так,Так,Так,Жіноча,19,м. Київ,Ні,Ні,Ні,Ні,Так,Ні,Ні,Ні,Волонтерство,Київ,Ні,Так,Так,Ні,Ні,Ні,,Ні,Так,Ні,Ні,,"Мета: повернення Михайла Федорова на посаду міністра оборони, а також посприяти тому, щоб влада вийшла на діалог із протестувальниками. Досягти цих цілей і тим самим показати, що влада – це народ, і подібні питання не мають вирішуватись без врахування думки суспільства, щоб уникнути схожих криз у майбутньому",Так,Безумовно так,Важко відповісти,Безумовно так,3,7 - Повністю довіряю,1 - Зовсім не довіряю,7 - Повністю довіряю,Важко сказати,Важко сказати,"Федоров, Драпатий, перше, що спадає зараз на думку",3,"Наскільки погоджуюсь, настільки і не погоджуюсь",0 - Зовсім неприйнятно,Так
314,Так,10,2026-08-10 01:49:51,2026-08-10 01:57:09,Так,Так,Так,Жіноча,21,м. Київ,Ні,Ні,Ні,Ні,Так,Ні,Ні,Ні,,Київ,Ні,Ні,Так,Ні,Ні,Ні,,Ні,Ні,Ні,Ні,"В соцмережах шукала інформацію щодо інших міст в коментарях. При відсутності домовленості - закликала виходити в місцях, де були минулорічні мітинги, поширювала серед Тредс та Інстаграм інформацію","Прагнення змін, бажання бути голосом, вимагати кращого для країни",Так,Безумовно так,Важко відповісти,Скоріше так,2,4,1 - Зовсім не довіряю,4,1 - Зовсім не довіряю,4,,5,Не погоджуюсь,1,Так
315,Так,10,2026-08-10 01:56:21,2026-08-10 02:10:52,Так,Так,Так,Жіноча,38,м. Київ,Ні,Ні,Ні,Ні,Так,Ні,Ні,Ні,,Київ,Ні,Так,Так,Ні,Ні,Ні,,Так,Так,Ні,Ні,,"Зупинити рандомні одноосібні кадрові рішення, повернути людину яка показувала реальний результат в роботі і наближала Україну до перемоги і боролась із корупцією",Так,Безумовно так,Важко відповісти,Важко відповісти,2,7 - Повністю довіряю,2,7 - Повністю довіряю,Важко сказати,4,"Залужний, Порошенко, Єлізаров, Федоров, Буданов",Важко сказати,Зовсім не погоджуюсь,1,Так
316,Так,10,2026-08-10 01:57:44,2026-08-10 03:04:31,Так,Так,Так,Жіноча,26,м. Київ,Ні,Ні,Ні,Ні,Ні,Ні,Ні,Так,,Київ,Ні,Ні,Так,Ні,Ні,Ні,,Ні,Так,Ні,Ні,,"Нагадати владі про наслідки поганих рішень та зневажливої поведінки, добитись адекватної комунікації з приводу звільнення Федорова та інших кадрових рішень, трошки сподівання на повернення Федорова для впровадження реформ",Так,Безумовно так,Скоріше ні,Скоріше ні,2,5,1 - Зовсім не довіряю,5,2,4,Совсун,2,Зовсім не погоджуюсь,1,Ні
317,Так,10,2026-08-10 01:57:50,2026-08-10 02:04:04,Так,Так,Так,Чоловіча,27,м. Київ,Ні,Ні,Так,Ні,Так,Ні,Ні,Ні,,київ,Ні,Ні,Так,Ні,Ні,Ні,,Ні,Ні,Так,Ні,,гнів від свавілля влади в безкінечних перестановках незручних людей на зручних і відсутність діалогу з народом,Так,Безумовно так,Скоріше ні,Скоріше так,3,6,2,6,2,3,до більшості відомих переважно недовіра,7,Зовсім не погоджуюсь,7,Так
318,Так,10,2026-08-10 01:57:57,2026-08-10 02:09:02,Так,Так,Так,Чоловіча,18,Київська,Ні,Ні,Так,Ні,Ні,Ні,Ні,Ні,,київ,Ні,Ні,Ні,Ні,Ні,Ні,небайдужість до країни в якій мені ще жити,Ні,Так,Ні,Ні,,"я б описала трьома словами 
дійти до справедливості 
довести що народ сильніший влади 
зе у відставку",Так,Безумовно так,Точно ні,Безумовно так,2,6,1 - Зовсім не довіряю,4,"Не знаю, хто це",Важко сказати,всі крадуть,4,Зовсім не погоджуюсь,2,Так
319,Так,10,2026-08-10 01:58:08,2026-08-10 02:33:41,Так,Так,Так,Жіноча,49,м. Київ,Ні,Ні,Ні,Ні,Так,Ні,Ні,Ні,,Київ,Так,Ні,Так,Ні,Ні,Ні,,Ні,Ні,Ні,Так,,"ну, першочергова мета як у всіх — повернути Федорова. Зараз я в її реальність вже майже не вірю, але продовжую ходити, бо дуже важливо принаймні показати, что суспільство це, вибачте, гівно покірно не проковтне.",Так,Безумовно так,Важко відповісти,Скоріше так,2,6,2,6,Важко сказати,4,"Федоров, Зеркаль, Буданов, Гудименко",5,Зовсім не погоджуюсь,0 - Зовсім неприйнятно,Ні
320,Так,10,2026-08-10 01:58:16,2026-08-10 02:07:01,Так,Так,Так,Жіноча,21,м. Київ,Ні,Ні,Ні,Ні,Так,Ні,Ні,Ні,,Київ,Ні,Ні,Так,Ні,Ні,Ні,,Так,Так,Ні,Ні,,Мета - бути почутими та повернути Федорова в МО. Та й загалом прозорі кадрові рішення та призначення,Так,Безумовно так,Скоріше ні,Скоріше так,2,6,2,7 - Повністю довіряю,4,4,"Федоров, Совсун, Свириденко, Буданов",5,Не погоджуюсь,2,Так
321,Так,10,2026-08-10 01:59:21,2026-08-10 02:06:24,Так,Так,Так,Жіноча,30,м. Київ,Ні,Ні,Ні,Ні,Так,Ні,Ні,Ні,,Київ,Ні,Ні,Так,Ні,Ні,Ні,,Ні,Так,Ні,Ні,,"Цінніше за життя немає нічого. Тому я за технології, які збережуть військовим життя.",Так,Безумовно так,Скоріше так,Скоріше так,4,7 - Повністю довіряю,2,6,Важко сказати,4,Важко сказати,Важко сказати,Зовсім не погоджуюсь,5,Ні
322,Ні,7,2026-08-10 01:59:36,2026-08-10 02:06:25,Так,Так,Так,Жіноча,27,м. Київ,Ні,Ні,Ні,Ні,Так,Ні,Ні,Ні,,Київ,Ні,Так,Так,Ні,Ні,Ні,,Так,Ні,Ні,Ні,,"Дати діючій владі зрозуміти, що навіть якщо поточна політична ситуація не може бути змінена кардинально, щоб не розхитувати країну в умовах війні, їм це не дає карт-бланш на дії, які націлені на власні інтереси, а не на інтереси України.",Так,Безумовно так,Безумовно так,Скоріше так,,,,,,,,,,,
323,Так,10,2026-08-10 01:59:44,2026-08-10 02:15:01,Так,Так,Так,Жіноча,29,м. Київ,Ні,Ні,Ні,Ні,Так,Ні,Ні,Ні,,Київ,Ні,Ні,Ні,Ні,Ні,Ні,Обурили кадрові рішення та плівки Міндіча,Ні,Ні,Так,Ні,,Зменшити масштаби корупції в оборонній сфері (Федоров міністр оборони як запобіжник),Так,Безумовно так,Важко відповісти,Безумовно так,1 - Зовсім не довіряю,7 - Повністю довіряю,2,7 - Повністю довіряю,1 - Зовсім не довіряю,Важко сказати,"Федоров, Совсун",8,Не погоджуюсь,3,Так
324,Так,10,2026-08-10 02:00:28,2026-08-10 02:06:57,Так,Так,Так,Жіноча,23,м. Київ,Ні,Ні,Ні,Ні,Так,Ні,Ні,Ні,,Київ,Ні,Так,Так,Ні,Ні,Ні,,Так,Так,Ні,Ні,,Відстояти справедливість та повернення Федорова на посаду МО,Так,Безумовно так,Скоріше так,Скоріше так,3,6,1 - Зовсім не довіряю,5,2,5,Федоров Михайло,8,Не погоджуюсь,Важко сказати,Так
325,Так,10,2026-08-10 02:03:19,2026-08-10 02:06:10,Так,Так,Так,Чоловіча,36,м. Київ,Ні,Ні,Ні,Ні,Так,Ні,Ні,Ні,,Київ,Ні,Ні,Ні,Ні,Так,Ні,,Ні,Ні,Ні,Ні,Козятинець,Участь,Так,Точно ні,Точно ні,Точно ні,3,3,5,2,2,3,Білецький,8,"Наскільки погоджуюсь, настільки і не погоджуюсь",3,Так
326,Так,10,2026-08-10 02:10:56,2026-08-10 02:34:11,Так,Так,Так,Жіноча,26,м. Київ,Ні,Ні,Ні,Ні,Так,Ні,Ні,Ні,,Київ,Ні,Ні,Ні,Ні,Ні,Ні,"Побачила інформацію про рішення уряду, побачила дописи в treads про вихід на мітинг",Ні,Так,Ні,Ні,,Виразити незгоду щодо рішень уряду і посприяти зміні цих рішень задля кращого майбутнього України,Так,Безумовно так,Скоріше ні,Скоріше так,1 - Зовсім не довіряю,6,1 - Зовсім не довіряю,6,1 - Зовсім не довіряю,5,"Драпатий, Федоров, Железняк, Совсун, Юрчишин, Радіна, Устінова, Ю. Клименко",2,Зовсім не погоджуюсь,0 - Зовсім неприйнятно,Так
327,Так,10,2026-08-10 02:12:27,2026-08-10 02:52:35,Так,Так,Так,Жіноча,18,м. Київ,Ні,Ні,Ні,Ні,Ні,Ні,Ні,Так,,Київ,Ні,Ні,Так,Ні,Ні,Ні,,Ні,Ні,Так,Ні,,"Задля призначення Михайла Федорова на посаду міністра оборони. Задля вираження свого обурення щодо відсутності комунікації влади її рішень, після такого запиту суспільства.",Так,Безумовно так,Скоріше ні,Безумовно так,4,6,2,6,4,5,"Федоров, Драпатий",3,Зовсім не погоджуюсь,1,Ні
328,Так,10,2026-08-10 02:15:10,2026-08-10 03:02:20,Так,Так,Так,Жіноча,29,м. Київ,Ні,Ні,Ні,Ні,Так,Ні,Ні,Ні,,Київ,Ні,Ні,Ні,Ні,Ні,Ні,Особисті мотиви,Ні,Ні,Так,Ні,,"Була на протесті 25 днів з 25, для мене це питання виживання. Я не хочу чути байки про важку зиму і паралельно дивитися випуск про плівки Міндіча",Так,Безумовно так,Скоріше так,Безумовно так,1 - Зовсім не довіряю,6,1 - Зовсім не довіряю,7 - Повністю довіряю,1 - Зовсім не довіряю,Важко сказати,Федоров,10 - Праві,"Наскільки погоджуюсь, настільки і не погоджуюсь",5,Так
329,Так,10,2026-08-10 02:17:22,2026-08-10 02:27:55,Так,Так,Так,Чоловіча,32,Одеська,Ні,Ні,Ні,Ні,Так,Ні,Ні,Ні,,Одеса,Ні,Ні,Ні,Ні,Ні,Ні,15-ого вирішив шо пора на мітинг і досі тут,Так,Ні,Ні,Ні,,"Коли звільнили Федорова, зрозумів шо треба якось це вирішувати. Вийшов на мітинг. І так понеслось.
Головна мета повернути Федорова на МО. Тому не скептично ставлюсь до інших цілей, шо накидують по ходу(звільнити Кіма, Умерова)",Так,Безумовно так,Скоріше ні,Скоріше так,1 - Зовсім не довіряю,7 - Повністю довіряю,1 - Зовсім не довіряю,7 - Повністю довіряю,2,5,"Железняк Ярослав, Михайло Федоров, Дмитро Кулеба",5,Зовсім не погоджуюсь,0 - Зовсім неприйнятно,Ні
330,Так,10,2026-08-10 02:22:15,2026-08-10 02:36:52,Так,Так,Так,Жіноча,20,м. Київ,Ні,Ні,Ні,Ні,Так,Ні,Ні,Ні,,Київ,Ні,Ні,Так,Ні,Ні,Ні,,Ні,Ні,Так,Ні,,"Мета моєї участі - дати знати владі, що ми такого не стерпим. Що під час повномасштабної війни - такі дії (ігнорування народу, зняття ефективний людей з посад надважливих на цей час) є небезпечними для країни, людей та нашого виживання. Що я не стерплю. Що я не маленька людина. Що це НАША країна і МИ тут головні.",Так,Безумовно так,Важко відповісти,Важко відповісти,3,6,2,6,Важко сказати,5,"Я не довіряю політичним діячам повністю. Але з останніх подій - Федоров показує себе як людина, яка готова вести діалог та працювати на країну і робити сучасні реформи, які допоможуть на війні. Він себе за пів року позитивно показав, і міг би показати повноцінно і краще якби йому дали більше часу на посаді і тоді вже дивлячись на його провали та успіхи - робити аналіз та рішення чи варто звільняти його чи ні.",2,Не погоджуюсь,3,Так
331,Ні,7,2026-08-10 02:30:47,2026-08-10 02:36:22,Так,Так,Так,Жіноча,24,м. Київ,Ні,Ні,Ні,Ні,Так,Ні,Ні,Ні,,Київ,Ні,Ні,Так,Ні,Ні,Ні,Обурилась рішенням президента. Вийшла б в будь якому випадку - вирішила це ще до організованого заклику,Так,Ні,Ні,Ні,,"Показати владі, що я маю іншу думку. Що не варто ігнорувати свій народ і мутіть схеми зі своїми ""наближеними"". Тим паче під чай війни",Так,Безумовно так,Скоріше так,Скоріше так,,,,,,,,,,,
332,Ні,7,2026-08-10 02:32:08,2026-08-10 02:38:29,Так,Так,Так,Жіноча,23,Київська,Ні,Ні,Ні,Ні,Так,Ні,Ні,Ні,,Київ,Ні,Так,Так,Ні,Ні,Ні,,Так,Ні,Ні,Ні,Тредс👀,"Коли я стою одна, мій голос може здаватися лише шепотом. Шепотом, який легко не почути, проігнорувати або зробити вигляд, що його не існує.
Але коли на площі стоять сотні й тисячі людей - це вже не шепіт. Це крик. Крик про допомогу. Крик про несправедливість. Крик людей, які не хочуть мовчати. Крик до влади - почуйте нас.
Я виходжу не заради картинки, не заради політики й не заради галасу. Я виходжу, тому що вважаю, коли влада перестає чути окрему людину, люди мають об’єднати свої голоси, щоб їх уже неможливо було не почути.",Так,Скоріше так,Скоріше так,Скоріше так,,,,,,,,,,,
333,Так,10,2026-08-10 02:36:47,2026-08-10 03:02:33,Так,Так,Так,Жіноча,31,Київська,Ні,Ні,Ні,Ні,Так,Ні,Ні,Ні,,Київ,Ні,Ні,Ні,Ні,Ні,Ні,Побачила дописи в тредс,Ні,Так,Ні,Ні,,"Моє рішення вийти на вулицю 16.07 було зумовлене багатьма причинами, так би мовити,  це – накопичувальний ефект.
В першу чергу, це відсутність адекватної комунікації. В нас свідома нація, і деякі рішення нашої влади, м'яко кажучи, неадекватні, що і обурює суспільство. 
Мета проста: я хочу, щоб влада теж хотіла перемоги України, цінувала людське життя та мала відповідальність перед людьми за свої дії",Так,Безумовно так,Важко відповісти,Важко відповісти,2,6,1 - Зовсім не довіряю,6,1 - Зовсім не довіряю,4,"Буданов, Федоров, Кулеба, Білецький",7,Зовсім не погоджуюсь,2,Так
334,Так,10,2026-08-10 02:37:27,2026-08-10 02:41:46,Так,Так,Так,Чоловіча,23,м. Київ,Ні,Ні,Так,Ні,Так,Ні,Ні,Ні,,Київ,Ні,Так,Так,Ні,Ні,Ні,,Так,Так,Ні,Так,,"не дати росії захопити україну, шляхом обрання правильних кадрових рішень",Так,Безумовно так,Скоріше ні,Скоріше ні,1 - Зовсім не довіряю,7 - Повністю довіряю,1 - Зовсім не довіряю,7 - Повністю довіряю,1 - Зовсім не довіряю,5,Федоров,5,Погоджуюсь,10 - Цілком прийнятно,Ні
335,Так,10,2026-08-10 02:39:01,2026-08-10 02:51:47,Так,Так,Так,Жіноча,26,м. Київ,Ні,Ні,Ні,Ні,Так,Ні,Ні,Ні,,Київ,Ні,Ні,Так,Ні,Ні,Ні,,Так,Ні,Ні,Так,,"Бути почутими. Побудувати культуру діалогу між владою і народом. 
Ми хочемо пояснень чому міністра, який зробив за короткий термін декілька успішних реформ, протидіяв корупції і мав у розробці ще проєкти, звільнили. Це підірвало довіру. 
Так само і наступні призначення Умєрова та Клименка викликають питання.",Так,Безумовно так,Важко відповісти,Важко відповісти,3,6,2,7 - Повністю довіряю,2,6,Совсун,Важко сказати,Зовсім не погоджуюсь,0 - Зовсім неприйнятно,Так
336,Так,10,2026-08-10 02:39:09,2026-08-10 02:43:58,Так,Так,Так,Жіноча,22,м. Київ,Ні,Ні,Ні,Ні,Так,Ні,Ні,Ні,,Київ,Ні,Ні,Так,Ні,Ні,Ні,,Так,Ні,Так,Ні,,Мета - повернення Федорова,Так,Безумовно так,Важко відповісти,Безумовно так,3,7 - Повністю довіряю,1 - Зовсім не довіряю,7 - Повністю довіряю,1 - Зовсім не довіряю,5,"Михайло Федоров, Кирило Буданов",10 - Праві,Зовсім не погоджуюсь,10 - Цілком прийнятно,Ні
337,Так,10,2026-08-10 02:40:46,2026-08-10 02:45:21,Так,Так,Так,Чоловіча,19,м. Київ,Ні,Ні,Так,Ні,Ні,Ні,Ні,Ні,,Київ,Ні,Ні,Так,Ні,Ні,Ні,,Так,Ні,Ні,Ні,,Підтримка змін і відмова від совка,Так,Скоріше так,Скоріше так,Скоріше так,2,5,1 - Зовсім не довіряю,6,2,4,"Кирилу Буданову, Василю Малюку, Андрію Пишному, Тарасу Чмуту",8,"Наскільки погоджуюсь, настільки і не погоджуюсь",3,Так
338,Так,10,2026-08-10 02:40:48,2026-08-10 02:46:41,Так,Так,Так,Жіноча,18,м. Київ,Ні,Ні,Так,Ні,Ні,Ні,Ні,Ні,,Київ,Так,Ні,Ні,Ні,Ні,Так,,Так,Ні,Ні,Ні,,"Моєю особистою головною метою є та сама мета, що і вимога протесту:
1. Звільнення Сирського (чого ми успішно домоглися на сьогоднішній день)
2. Повернення Федорова на посаду МО",Так,Безумовно так,Скоріше ні,Безумовно так,2,7 - Повністю довіряю,1 - Зовсім не довіряю,6,Важко сказати,Важко сказати,"Лачен, Федоров",5,Не погоджуюсь,5,Так
339,Так,10,2026-08-10 02:40:56,2026-08-10 02:50:18,Так,Так,Так,Чоловіча,21,м. Київ,Ні,Ні,Ні,Ні,Ні,Ні,Ні,Так,,Київ,Ні,Ні,Ні,Ні,Ні,Так,Обурення рішенням влади і ситуації в країні,Так,Так,Ні,Так,,Повернення федорова бо він гарно виконував свою роботі і припинити звільняти ефективних працівників що б ставити туди своїх друзяк,Так,Скоріше так,Скоріше ні,Скоріше так,1 - Зовсім не довіряю,6,1 - Зовсім не довіряю,7 - Повністю довіряю,1 - Зовсім не довіряю,4,Важко сказати,Важко сказати,Зовсім не погоджуюсь,0 - Зовсім неприйнятно,Ні
340,Так,10,2026-08-10 02:48:13,2026-08-10 02:53:17,Так,Так,Так,Жіноча,36,м. Київ,Ні,Ні,Ні,Ні,Так,Ні,Ні,Ні,,Київ,Ні,Так,Ні,Ні,Ні,Ні,,Так,Ні,Ні,Ні,,Повернення Федорова в МО,Так,Безумовно так,Важко відповісти,Важко відповісти,4,7 - Повністю довіряю,1 - Зовсім не довіряю,7 - Повністю довіряю,Важко сказати,Важко сказати,Федоров,Важко сказати,Важко сказати,9,Так
341,Так,10,2026-08-10 03:02:27,2026-08-10 03:05:47,Так,Так,Так,Чоловіча,30,м. Київ,Ні,Ні,Ні,Так,Ні,Ні,Ні,Ні,,Дніпро,Ні,Ні,Ні,Ні,Ні,Ні,Самостійно,Ні,Ні,Так,Ні,Стерненко,Зменшити рівень корупції,Так,Безумовно так,Скоріше так,Скоріше так,1 - Зовсім не довіряю,7 - Повністю довіряю,2,7 - Повністю довіряю,1 - Зовсім не довіряю,3,Федоров,9,"Наскільки погоджуюсь, настільки і не погоджуюсь",0 - Зовсім неприйнятно,Ні
342,Так,10,2026-08-10 04:15:48,2026-08-10 04:24:08,Так,Так,Так,Жіноча,26,м. Київ,Ні,Ні,Ні,Ні,Так,Ні,Ні,Ні,,Київ,Ні,Ні,Так,Ні,Ні,Ні,,Так,Так,Так,Ні,,"Проти звільнення ефективних управлінців. Призначення відбуваються хаотично та за методом зручності, а не результативності. Проти корупції, яка тут зіграла, вважаю, одну з важливих причин, тому що Федоров вимагав і сприяв прозорості схем",Так,Скоріше так,Скоріше ні,Важко відповісти,3,6,1 - Зовсім не довіряю,6,Важко сказати,Важко сказати,"Драпатий, Буданов, Федоров",5,Не погоджуюсь,Важко сказати,Так
343,Ні,5,2026-08-10 05:01:28,2026-08-10 05:03:42,Так,Так,Так,Жіноча,24,Київська,Ні,Ні,Так,Ні,Ні,Ні,Ні,Ні,,Київ,Ні,Ні,Ні,Ні,Ні,Так,,Так,Ні,Ні,Так,,,,,,,,,,,,,,,,,
344,Так,10,2026-08-10 05:02:43,2026-08-10 05:17:21,Так,Так,Так,Жіноча,29,м. Київ,Ні,Ні,Ні,Ні,Так,Ні,Ні,Ні,,Київ,Так,Ні,Ні,Ні,Ні,Ні,,Так,Ні,Ні,Ні,,"Федоров – МО
(на момент початку протестів, основна вимога)
Далі додалося:
Сирський геть (у звʼязку з інформацією про внутрішній конфлікт)
Драпатий - головком (як варіант заміни Сирського)
Міністр ветеранів – ветеран (у звʼязку з призначенням Кіма на посаду)",Так,Безумовно так,Точно ні,Скоріше так,3,6,1 - Зовсім не довіряю,6,5,5,"Інна Совсун, Михайло Федоров, Дмитро Кулеба, Валерій Залужний, М.Найєм",6,Зовсім не погоджуюсь,0 - Зовсім неприйнятно,Так
345,Так,10,2026-08-10 05:03:28,2026-08-10 05:07:29,Так,Так,Так,Жіноча,24,м. Київ,Ні,Ні,Ні,Ні,Так,Ні,Ні,Ні,,Київ,Так,Ні,Так,Ні,Ні,Ні,,Ні,Ні,Так,Ні,,Не впевнена,Так,Важко відповісти,Точно ні,Важко відповісти,3,6,1 - Зовсім не довіряю,5,"Не знаю, хто це","Не знаю, хто це",Федоров,1,Зовсім не погоджуюсь,6,Так
346,Так,10,2026-08-10 05:24:36,2026-08-10 05:32:03,Так,Так,Так,Чоловіча,20,м. Київ,Ні,Ні,Ні,Ні,Так,Ні,Ні,Ні,,Київ,Ні,Ні,Так,Ні,Ні,Ні,,Так,Ні,Ні,Ні,,ВИРНІТ ФЕДОРОВА,Так,Важко відповісти,Важко відповісти,Важко відповісти,Важко сказати,5,1 - Зовсім не довіряю,5,1 - Зовсім не довіряю,Важко сказати,Важко відповісти,Важко сказати,Зовсім не погоджуюсь,0 - Зовсім неприйнятно,Ні
347,Ні,7,2026-08-10 05:29:57,2026-08-10 05:32:52,Так,Так,Так,Жіноча,23,Київська,Ні,Ні,Ні,Ні,Так,Ні,Ні,Ні,,Київ,Ні,Ні,Ні,Ні,Ні,Ні,Побачила у групах телеграм новини про мітинг і вирішила долучитися,Так,Ні,Ні,Ні,,Хочу щоб голос народу був почутий. Вважаю несправедливим рішення президента стосовно звільнення Фкдорова,Так,Безумовно так,Важко відповісти,Важко відповісти,,,,,,,,,,,
348,Ні,7,2026-08-10 05:33:00,2026-08-10 05:37:50,Так,Так,Так,Жіноча,53,м. Київ,Ні,Ні,Ні,Ні,Так,Ні,Ні,Ні,,Київ,Так,Ні,Ні,Ні,Ні,Ні,,Ні,Ні,Ні,Так,,Метою моєї участі є підтримка призначення Федорова на посаду Міністра оборони України та притягнення Зеленського до відповідальності в установленому законом порядку.,Ні,Безумовно так,Безумовно так,Безумовно так,,,,,,,,,,,
349,Так,10,2026-08-10 05:54:41,2026-08-10 06:07:28,Так,Так,Так,Жіноча,33,м. Київ,Ні,Ні,Ні,Ні,Так,Ні,Ні,Ні,,Київ,Ні,Ні,Так,Ні,Ні,Ні,Згоріла срака після новин про звільнення Федорова,Так,Ні,Ні,Ні,Від координаторів наприкінці кожного дня мітингу,"Державний апарат України має працювати на нашу перемогу у війні, а не використовувати країну як дойну корову, ціною життів її громадян.",Так,Безумовно так,Важко відповісти,Важко відповісти,1 - Зовсім не довіряю,7 - Повністю довіряю,1 - Зовсім не довіряю,6,1 - Зовсім не довіряю,3,Федоров Михайло,5,Зовсім не погоджуюсь,0 - Зовсім неприйнятно,Ні
350,Так,10,2026-08-10 05:55:11,2026-08-10 06:06:39,Так,Так,Так,Жіноча,32,Харківська,Ні,Ні,Ні,Ні,Так,Ні,Ні,Ні,,"Харків, Київ",Ні,Ні,Ні,Ні,Ні,Ні,"Побачила новину про звільнення федорова з МО, подумала що ситуація з минулого липн повторюється, знайшла вдома картонку, місце зборів не забула ще з часів 2014",Ні,Так,Ні,Ні,Місце зібрання у харкові однакове всі роки),"Федоров гідно показав себе на посаді, він не був звільнений через корупційний скандал (якщо замішана корупція - це мають оприлюднити, ні?), призначення нової людини означає що знову півроку міноборони працюватиме впівсили, бо будуть призначати нових замів, розбиратися. Федоров показав що в нього є і команда і стратегія і пристойні менеджерські компетенції. Хмара тим паче військовий, а міністр оборони повинен бути цивільним. Мета моєї участі повернення на посаду людини яка вже показала що щонайменше достатньо компетентна щоб її займати",Так,Безумовно так,Точно ні,Скоріше так,4,6,Важко сказати,6,Важко сказати,5,"Залізняк, Совсун",4,Не погоджуюсь,0 - Зовсім неприйнятно,Так
351,Так,10,2026-08-10 05:55:49,2026-08-10 06:18:09,Так,Так,Так,Жіноча,24,Київська,Ні,Ні,Ні,Ні,Так,Ні,Ні,Ні,,Київ,Ні,Так,Ні,Ні,Ні,Так,,Ні,Ні,Так,Ні,,"В воюючій країні, яку щодня обстрілюють, де стає набагато більше обстрілів балістикою, яку нічим збивати, бо наші ""саюзнічки"" взагалі незрозуміло куди союзять, зняли міністра оборони, раду відправили на канікули, народ ігнорять. Настільки абсурдного абсурду і придумати було б складно, але це сталось у реальності. Зняли по абсолютно незрозумілій причині, називаючи то конфлікт з генштабом, то провал реформи мобілізації, яку навіть не було представлено, яку не дали представити. Стою за повернення міністром оборони Федорова, за розвиток України в оборонці, за майбутнє без абсурду, корупції та кєнтаріків",Так,Безумовно так,Скоріше так,Важко відповісти,5,6,3,6,"Не знаю, хто це","Не знаю, хто це",Драпатому,Важко сказати,"Наскільки погоджуюсь, настільки і не погоджуюсь",5,Ні
352,Так,10,2026-08-10 06:02:45,2026-08-10 06:08:22,Так,Так,Так,Жіноча,23,м. Київ,Ні,Ні,Так,Ні,Так,Ні,Ні,Ні,,Київ,Ні,Ні,Ні,Ні,Ні,Так,,Ні,Ні,Так,Так,,За демократію,Так,Безумовно так,Скоріше так,Безумовно так,1 - Зовсім не довіряю,6,1 - Зовсім не довіряю,5,"Не знаю, хто це","Не знаю, хто це","Федоров, Драпатий",0 - Ліві,Не погоджуюсь,10 - Цілком прийнятно,Ні
353,Так,10,2026-08-10 06:18:13,2026-08-10 06:24:54,Так,Так,Так,Чоловіча,26,м. Київ,Ні,Ні,Ні,Ні,Так,Ні,Ні,Ні,,Київ,Ні,Ні,Так,Ні,Ні,Ні,,Ні,Ні,Так,Ні,,"Повернути Федорова, нагадати президенту, що вибори під час війни таки можливі, якщо він і далі продовжить бути відірваним від реальності.",Так,Безумовно так,Скоріше ні,Скоріше так,1 - Зовсім не довіряю,7 - Повністю довіряю,1 - Зовсім не довіряю,7 - Повністю довіряю,4,4,Федоров,5,Не погоджуюсь,0 - Зовсім неприйнятно,Так
354,Так,10,2026-08-10 06:30:32,2026-08-10 06:38:46,Так,Так,Так,Жіноча,22,Київська,Ні,Ні,Ні,Ні,Так,Ні,Ні,Ні,,Київ,Ні,Ні,Так,Ні,Ні,Ні,"З перших днів поширювала інформацію в мережі, і за можливості у вихідний приходжу до Франка",Так,Ні,Ні,Ні,,"Я не можу бути байдужою, коли мою країну хочуть знищити. Мета повернути Федорова в МО, а разом з цим багато важливих деталей, серед яких зокрема використання коштів, які нам дали, на закупівлю дронів, а не комусь у кишеню і багато інших.",Так,Безумовно так,Важко відповісти,Важко відповісти,1 - Зовсім не довіряю,6,1 - Зовсім не довіряю,5,"Не знаю, хто це",2,"Оскільки я не знайома з ними особисто, важко сказати, я орієнтуюся на думку військових, які дотичні до них ближче, також дивлюсь на результат їхньої праці",5,Зовсім не погоджуюсь,5,Ні
355,Так,10,2026-08-10 06:36:31,2026-08-10 06:47:27,Так,Так,Так,Чоловіча,33,Київська,Ні,Ні,Ні,Ні,Так,Ні,Ні,Ні,,Київ,Ні,Ні,Так,Ні,Ні,Ні,"Насправді більше всього просто відчуття несправедливості, і досвід з 2025",Ні,Ні,Так,Ні,"Так нізвідки особливо, я знав що протести йдуть кожен день, з першого дня","Повернення Федорова. Звільнення було дивним, і відчувалося дуже несправедливим. Особливо на фоні того, як відчуваються результати інших міністрів (ніяк) і Федорова.",Так,Безумовно так,Точно ні,Скоріше так,1 - Зовсім не довіряю,7 - Повністю довіряю,1 - Зовсім не довіряю,5,3,3,"Ющенко, Федоров, Железняк",5,Зовсім не погоджуюсь,Важко сказати,Так
356,Так,10,2026-08-10 06:36:38,2026-08-10 06:42:43,Так,Так,Так,Чоловіча,28,м. Київ,Ні,Ні,Ні,Ні,Так,Ні,Ні,Ні,,Київ,Ні,Так,Так,Ні,Ні,Ні,,Так,Ні,Ні,Ні,,"Реформи, боротьба з корупцією та прозоре призначення міністрів і уточнення уряду національної єдності",Так,Безумовно так,Скоріше ні,Безумовно так,1 - Зовсім не довіряю,5,1 - Зовсім не довіряю,5,1 - Зовсім не довіряю,4,"Порошенко, Федоров",5,"Наскільки погоджуюсь, настільки і не погоджуюсь",0 - Зовсім неприйнятно,Так
357,Так,10,2026-08-10 06:47:49,2026-08-10 06:53:08,Так,Так,Так,Чоловіча,19,м. Київ,Ні,Ні,Так,Ні,Ні,Ні,Ні,Ні,,Київ,Ні,Ні,Ні,Ні,Так,Ні,,Ні,Так,Ні,Ні,,Згаяти час и побувати у двіжусі,Так,Точно ні,Важко відповісти,Важко відповісти,7 - Повністю довіряю,7 - Повністю довіряю,1 - Зовсім не довіряю,"Не знаю, хто це","Не знаю, хто це","Не знаю, хто це",Мар'яна Безугла,9,"Наскільки погоджуюсь, настільки і не погоджуюсь",7,Так
358,Так,10,2026-08-10 06:51:24,2026-08-10 07:00:54,Так,Так,Так,Жіноча,25,м. Київ,Ні,Ні,Ні,Ні,Так,Ні,Ні,Ні,,Київ,Так,Ні,Ні,Ні,Ні,Ні,,Ні,Ні,Ні,Так,,Цікаві нові знайомства,Так,Скоріше так,Точно ні,Точно ні,7 - Повністю довіряю,Важко сказати,1 - Зовсім не довіряю,Важко сказати,"Не знаю, хто це","Не знаю, хто це",Олексій Гончаренко,Важко сказати,"Наскільки погоджуюсь, настільки і не погоджуюсь",10 - Цілком прийнятно,Ні
359,Так,10,2026-08-10 06:51:43,2026-08-10 06:55:37,Так,Так,Так,Інше,30,м. Київ,Ні,Ні,Ні,Ні,Так,Ні,Ні,Ні,,Київ,Ні,Так,Ні,Ні,Ні,Так,,Так,Так,Ні,Ні,,"Наразі, це повернення Михайла Федорова на посаду міністра оборони України, та відновлення комунікації влади з народом",Так,Скоріше так,Важко відповісти,Скоріше так,1 - Зовсім не довіряю,7 - Повністю довіряю,1 - Зовсім не довіряю,7 - Повністю довіряю,2,4,Совсун,2,Зовсім не погоджуюсь,0 - Зовсім неприйнятно,Ні
360,Так,10,2026-08-10 07:00:46,2026-08-10 07:27:09,Так,Так,Так,Чоловіча,32,м. Київ,Ні,Ні,Ні,Ні,Так,Ні,Ні,Ні,,Київ,Ні,Ні,Ні,Ні,Ні,Ні,Слідкував у медіа (Є питання) за рішеннями президента. Конфлікт ГШ і МО. Після хуйових рішень чекнув соц мережі. Побачив що бомбануло не тільки у мене - зрозумів що треба виходити на протест,Так,Ні,Ні,Ні,,"Колективна відповідальність суспільства за тупорилі помилки піджаків
Навчаю їх приймати коректні рішення, бо ціна помилкових рішень - існування України загалом!!!
1680+ днів повномасштабної війни бл#ть!
Федоров у МО
Умєрова в тюрму або хоча б суд
Підозру адмінам трухи) 
І ще багато запитань але почнемо хоча б з цього",Так,Безумовно так,Важко відповісти,Безумовно так,3,7 - Повністю довіряю,1 - Зовсім не довіряю,7 - Повністю довіряю,1 - Зовсім не довіряю,Важко сказати,"Федоров, Железняк, можливо декілька прізвищ з каналів Грунт/Ціна держави якщо в них є політичні діячі. Нажаль в Україні зараз малувато адекватних піджачків",8,Зовсім не погоджуюсь,0 - Зовсім неприйнятно,Так
361,Так,10,2026-08-10 07:04:51,2026-08-10 07:08:40,Так,Так,Так,Жіноча,23,Київська,Ні,Ні,Ні,Ні,Так,Ні,Ні,Ні,,Київ,Ні,Так,Так,Ні,Ні,Ні,,Ні,Так,Ні,Ні,,"дати зрозуміти президенту і парламенту, що ухвалені рішення не схвалюються народом",Так,Безумовно так,Скоріше ні,Важко відповісти,3,7 - Повністю довіряю,1 - Зовсім не довіряю,5,Важко сказати,6,Федоров,5,Не погоджуюсь,2,Ні
362,Так,10,2026-08-10 07:05:28,2026-08-10 07:20:25,Так,Так,Так,Жіноча,22,м. Київ,Ні,Ні,Ні,Ні,Так,Ні,Ні,Ні,,Київ,Ні,Ні,Ні,Ні,Ні,Ні,Необґрунтована відставка Кабміну,Ні,Ні,Так,Так,,Демонстрація волі народу. Висловлення незгоди з певними управлінськими рішеннями вищого керівництва держави. Відстоювання загальнонаціональних інтересів,Так,Безумовно так,Важко відповісти,Важко відповісти,2,5,1 - Зовсім не довіряю,5,1 - Зовсім не довіряю,5,"Не використовую термін ""довіра"". Я спостерігаю за політичними діячами і відзначаю, якщо вони роблять свою роботу добре, або їхня діяльність мені резонує. Такими, зокрема, є Інна Совсун, Ярослав Желєзняк, Роман Грищук. Юлія Свириденко теж показала себе доволі непогано, як і Михайло Федоров",4,Важко сказати,0 - Зовсім неприйнятно,Так
363,Ні,7,2026-08-10 07:06:25,2026-08-10 07:14:21,Так,Так,Так,Жіноча,23,Київська,Ні,Ні,Ні,Ні,Так,Ні,Ні,Ні,,"Київ, Тернопіль",Ні,Ні,Ні,Ні,Ні,Ні,Відставка ефективного міністра. Це перше що посприяло. Думали іти під КМДА але після побачили в соцмережах що буде загальний збір біля Франка,Ні,Так,Ні,Ні,,"Діалог влади з народом та зупинення корупції.Бо приймаються рішення які сам собі не можеш пояснити. Знімають людей з однієї причини, потім ця «причина» зникає але все одно не можна повернути…Чому? Чому сумнівні особистості фігуранти корупційних справ досі на керівних посадах. Ніяк не обґрунтовано чому люди які показали 0 на попередніх призначеннях (і не одному!) мають різко стати корисними",Так,Безумовно так,Скоріше ні,Важко відповісти,,,,,,,,,,,
364,Ні,5,2026-08-10 07:09:21,2026-08-10 07:10:54,Так,Так,Так,Жіноча,23,Київська,Ні,Ні,Ні,Ні,Так,Ні,Ні,Ні,,Київ,Ні,Ні,Так,Ні,Ні,Ні,,Так,Ні,Ні,Ні,,,,,,,,,,,,,,,,,
365,Так,10,2026-08-10 07:18:32,2026-08-10 07:52:02,Так,Так,Так,Чоловіча,40,м. Київ,Ні,Ні,Ні,Ні,Так,Ні,Ні,Ні,Працюю на допомогу ЗСУ,Київ,Ні,Ні,Так,Ні,Ні,Ні,Побачив новини і в коментарях знайшов заклики,Так,Ні,Ні,Ні,Коментари в треадс та інстаграм,"Бути частиною небайдужих людей, що можуть вплинути на рішення президента і впевнений, що це спрацює. 
Основний чинник для нас всіх це необхідність реформ та корупція, що вбиває гаш розвіток, як країни. 
Ми всі хочемо, щоб війна закінчилася, але натомість бачимо явно інші приорітети нашого президента. 
Саме відчуття тотальної несправедливості змушує мене приймати участь в цих зібраннях.",Так,Безумовно так,Важко відповісти,Важко відповісти,2,7 - Повністю довіряю,1 - Зовсім не довіряю,6,4,5,Важко сказати. Придивляюсь до Безуглої після її інтерв'ю,Важко сказати,Зовсім не погоджуюсь,0 - Зовсім неприйнятно,Ні
366,Так,10,2026-08-10 07:25:14,2026-08-10 07:37:48,Так,Так,Так,Чоловіча,24,м. Київ,Ні,Ні,Ні,Ні,Так,Ні,Ні,Ні,,Київ,Ні,Ні,Ні,Ні,Ні,Ні,Самостійно слідкуваа за новинами. Після рішення призначити Клименка замість Федорова зрозумів зо треба виходити на символічне місце,Ні,Ні,Ні,Ні,Тредс,"На початку моя мета була за ефективні рішення, які я бачив у Федорові і точно не бачив у Клименка, бо довіра до МВС за крайні роки знизилась, але це було так багато днів тому. Так багато днів відсутньої комунікації від влади, що наразі я стою проти кадрових перестановок, які на мою думку є дивними (МВС, МО, МінВіт, РНБО) і проти відсутністі пояснення від влади",Так,Безумовно так,Точно ні,Важко відповісти,2,7 - Повністю довіряю,2,7 - Повністю довіряю,1 - Зовсім не довіряю,3,З політичних мабуть це нардеп Железняк. Інші не політичні діячі,5,"Наскільки погоджуюсь, настільки і не погоджуюсь",0 - Зовсім неприйнятно,Так
367,Так,10,2026-08-10 07:30:47,2026-08-10 07:38:57,Так,Так,Так,Жіноча,28,Київська,Ні,Ні,Ні,Ні,Так,Ні,Ні,Ні,,Київ,Ні,Ні,Ні,Ні,Ні,Ні,Дописи у Тредс 15 липня від незнайомих людей. Дописи викликані розпачем через кадрові рішення,Ні,Так,Так,Ні,,"1) Або повернення Федорова на посаду МО
2) Або принаймні адекватної комунікації від Зеленського про причини відставки та кандидата на МО, який буде гідною альтернативою Федорову (та зможе обійняти цю посаду згідно закону)",Так,Безумовно так,Точно ні,Скоріше ні,2,6,2,6,2,3,"Железняк, Юрчишин, Радіна",4,Зовсім не погоджуюсь,0 - Зовсім неприйнятно,Так
368,Ні,5,2026-08-10 07:39:15,2026-08-10 07:43:37,Так,Так,Так,Жіноча,26,м. Київ,Ні,Ні,Ні,Ні,Так,Ні,Ні,Ні,,Київ,,,,,,,,Ні,Так,Ні,Ні,,,,,,,,,,,,,,,,,
369,Так,10,2026-08-10 07:49:11,2026-08-10 07:53:40,Так,Так,Так,Жіноча,18,Харківська,Ні,Ні,Ні,Ні,Так,Ні,Ні,Ні,,Харьков,Ні,Ні,Ні,Ні,Ні,Так,,Ні,Ні,Ні,Так,,що влада в країні є народ,Так,Скоріше так,Скоріше так,Скоріше так,1 - Зовсім не довіряю,7 - Повністю довіряю,1 - Зовсім не довіряю,7 - Повністю довіряю,"Не знаю, хто це",1 - Зовсім не довіряю,дропатову,Важко сказати,Не погоджуюсь,10 - Цілком прийнятно,Ні
370,Так,10,2026-08-10 07:51:37,2026-08-10 08:00:52,Так,Так,Так,Чоловіча,22,м. Київ,Ні,Ні,Ні,Ні,Так,Ні,Ні,Ні,,Київ,Ні,Ні,Так,Ні,Ні,Ні,,Ні,Ні,Так,Ні,,Що б почули народ,Так,Безумовно так,Скоріше ні,Важко відповісти,5,6,1 - Зовсім не довіряю,6,Важко сказати,5,"Федоров, та Хотів би Зеленьскому",0 - Ліві,Зовсім не погоджуюсь,0 - Зовсім неприйнятно,Ні
371,Так,10,2026-08-10 07:57:28,2026-08-10 08:03:01,Так,Так,Так,Жіноча,24,м. Київ,Ні,Ні,Ні,Ні,Так,Ні,Ні,Ні,,Київ,Ні,Так,Ні,Ні,Ні,Ні,,Так,Ні,Ні,Ні,,Я в першу чергу стою за реформи в армії.,Так,Безумовно так,Важко відповісти,Скоріше ні,3,6,1 - Зовсім не довіряю,5,1 - Зовсім не довіряю,1 - Зовсім не довіряю,"Федорову, а так взагалі важко відповісти. Ще є Совсун теж довіряю",5,Не погоджуюсь,6,Так
372,Так,10,2026-08-10 07:58:23,2026-08-10 08:11:57,Так,Так,Так,Жіноча,53,м. Київ,Ні,Ні,Ні,Ні,Так,Ні,Ні,Ні,,Київ,Ні,Ні,Так,Ні,Ні,Ні,,Так,Так,Ні,Ні,,Висловити свою незгоду з кадровою політикою керівництва держави,Так,Безумовно так,Скоріше ні,Скоріше так,1 - Зовсім не довіряю,7 - Повністю довіряю,1 - Зовсім не довіряю,7 - Повністю довіряю,1 - Зовсім не довіряю,Важко сказати,Михайло Федоров,5,Зовсім не погоджуюсь,0 - Зовсім неприйнятно,Ні
373,Так,10,2026-08-10 07:59:58,2026-08-10 08:05:59,Так,Так,Так,Жіноча,18,Київська,Ні,Ні,Так,Ні,Так,Ні,Ні,Ні,,Київ,Так,Ні,Ні,Ні,Ні,Ні,,Так,Так,Ні,Так,,Підтримка незалежності України,Так,Безумовно так,Важко відповісти,Важко відповісти,4,6,1 - Зовсім не довіряю,3,"Не знаю, хто це",Важко сказати,"Федоров, Буданов",Важко сказати,"Наскільки погоджуюсь, настільки і не погоджуюсь",3,Ні
374,Так,10,2026-08-10 08:03:27,2026-08-10 08:08:05,Так,Так,Так,Жіноча,39,м. Київ,Ні,Ні,Ні,Ні,Так,Ні,Ні,Ні,,"Київ, Львів",Ні,Ні,Так,Ні,Ні,Ні,,Так,Ні,Ні,Ні,,Вернути Федорова в МО,Так,Безумовно так,Точно ні,Скоріше ні,1 - Зовсім не довіряю,6,1 - Зовсім не довіряю,6,4,4,Стерненко,5,Зовсім не погоджуюсь,7,Ні
375,Ні,7,2026-08-10 08:09:49,2026-08-10 08:12:57,Так,Так,Так,Чоловіча,41,м. Київ,Ні,Ні,Ні,Ні,Так,Ні,Ні,Ні,,Київ,Ні,Ні,Так,Ні,Ні,Ні,,Ні,Так,Ні,Ні,,Народне віче,Так,Важко відповісти,Безумовно так,Безумовно так,,,,,,,,,,,
376,Так,10,2026-08-10 08:10:04,2026-08-10 08:18:02,Так,Так,Так,Жіноча,40,Тернопільська,Ні,Ні,Ні,Ні,Так,Ні,Ні,Ні,,"Тернопіль, Рівне",Ні,Ні,Ні,Ні,Так,Ні,,Ні,Так,Ні,Ні,,"Докорінні зміни в системі, ліквідація корупції, підтримка новаторства, захист життів нашого воїнтсва, повернення Федорова на позицію міністра оборони, шоб він мін реалізувати чіткий та зрозумілий план війни в співпраці з достойним головнокомандувачем Драпатим",Так,Безумовно так,Скоріше так,Безумовно так,3,7 - Повністю довіряю,1 - Зовсім не довіряю,7 - Повністю довіряю,1 - Зовсім не довіряю,5,Небезпечно їх називати,10 - Праві,Зовсім не погоджуюсь,10 - Цілком прийнятно,Ні
377,Ні,7,2026-08-10 08:22:28,2026-08-10 08:33:20,Так,Так,Так,Жіноча,25,Київська,Ні,Ні,Ні,Ні,Так,Ні,Ні,Ні,,Київ,Так,Ні,Ні,Ні,Ні,Ні,,Ні,Так,Ні,Ні,,"Продовження реформ, зменшення корупційних ризиків, зберегти курс на технологічність армії. Повернення Михайла Федорова на посаду. Щоб влада почала чути суспільство, пояснювала свої рішення та була підзвітна",Так,Скоріше так,Скоріше ні,Важко відповісти,,,,,,,,,,,
378,Так,10,2026-08-10 08:23:40,2026-08-10 08:45:05,Так,Так,Так,Чоловіча,24,м. Київ,Ні,Ні,Ні,Ні,Ні,Ні,Ні,Так,,Київ,Ні,Ні,Так,Ні,Ні,Ні,,Так,Ні,Ні,Ні,,"Вона змінювалася з часом. Спершу це повернення Федорова, потім повернення Федорова і відставка Сирського, далі трансформувалися у ширші вимоги щодо державного управління: повернути суб'єктність парламенту, забезпечити прозорість прийняття рішень (чітка комунікація що, чому, як), розвивати інституції, а не керувати державою в ручному режимі. Але чим далі тим гіршою стає криза. Відчуваю що ми рухаємося до великої біди, якщо нічого не зміниться. Тому зараз це про те що писав вище, але головна мета — не втратити державу.",Так,Безумовно так,Важко відповісти,Скоріше так,2,5,2,7 - Повністю довіряю,3,6,Буданов,3,Зовсім не погоджуюсь,0 - Зовсім неприйнятно,Так
379,Так,10,2026-08-10 08:24:53,2026-08-10 08:32:21,Так,Так,Так,Жіноча,19,м. Київ,Ні,Ні,Так,Ні,Ні,Ні,Ні,Ні,,Київ,Ні,Ні,Так,Ні,Ні,Ні,,Ні,Так,Ні,Ні,,"Моя мета - зробити так, щоби менеджери яких народ наймає за свої податки, виконували задачі відповідно до того, чого хочуть люди, а не продовжували будувати інтрижки та корупційні схеми.",Так,Скоріше так,Скоріше ні,Важко відповісти,1 - Зовсім не довіряю,4,1 - Зовсім не довіряю,3,1 - Зовсім не довіряю,1 - Зовсім не довіряю,«Довіряти» наразі тільки Журналістам :)..,1,Зовсім не погоджуюсь,5,Так
380,Так,10,2026-08-10 08:25:37,2026-08-10 08:42:08,Так,Так,Так,Жіноча,33,Київська,Ні,Ні,Так,Ні,Ні,Ні,Ні,Ні,,Київ,Ні,Ні,Так,Ні,Ні,Так,,Так,Ні,Ні,Ні,,"Хочеться щоб Україна перемогла, а у Федорова є план який він втілює у життя навіть не будучи на посаді. Михайло має пієтет від Ілона Маска. Вбачаю що від його участі в перемовинах щодо діпстрайків по Росії повпливає на їх результат. Не зрозуміло чому Федорова звільнили так форсовано. Мета участі в протестах полягає у тому, щоб схилити владу до повернення Федорова на посаду МО України.",Так,Безумовно так,Скоріше ні,Безумовно так,1 - Зовсім не довіряю,7 - Повністю довіряю,1 - Зовсім не довіряю,7 - Повністю довіряю,Важко сказати,7 - Повністю довіряю,Інані Совсун,5,Не погоджуюсь,0 - Зовсім неприйнятно,Ні
381,Так,10,2026-08-10 08:27:56,2026-08-10 08:34:27,Так,Так,Так,Жіноча,22,Київська,Ні,Ні,Ні,Ні,Ні,Ні,Ні,Так,,Київ,Ні,Так,Ні,Ні,Ні,Ні,,Ні,Так,Ні,Ні,,"Я хочу жити у вільній країні, з людьми, які роблять все, щоб закінчилась війна, а не крадуть гроші",Так,Безумовно так,Скоріше так,Скоріше так,Важко сказати,6,1 - Зовсім не довіряю,5,1 - Зовсім не довіряю,Важко сказати,"Федорову, Драпатому",Важко сказати,"Наскільки погоджуюсь, настільки і не погоджуюсь",2,Так
382,Так,10,2026-08-10 08:31:17,2026-08-10 08:39:01,Так,Так,Так,Жіноча,42,Київська,Ні,Ні,Ні,Ні,Так,Ні,Ні,Ні,,Київ,Ні,Ні,Ні,Ні,Ні,Ні,Послухала новини 15 липня,Ні,Так,Ні,Ні,,"Хочу перемоги України і розвалу росії. Вважаю, Федоров може зробити для цього більше, ніж Президент, якому немає часу думати стратегічно.",Так,Безумовно так,Скоріше ні,Скоріше так,1 - Зовсім не довіряю,5,1 - Зовсім не довіряю,6,2,5,Інна Совсун,6,Зовсім не погоджуюсь,0 - Зовсім неприйнятно,Так
383,Так,10,2026-08-10 08:37:48,2026-08-10 09:04:02,Так,Так,Так,Чоловіча,22,Київська,Ні,Ні,Ні,Ні,Так,Ні,Ні,Ні,,Київ,Ні,Ні,Так,Ні,Ні,Ні,,Ні,Ні,Так,Ні,,"Досягти комунікації з представниками влади.
Якомога швидше обрати Міністра Оборони та Закордонних Справ.
Вираження не згоди з ганебними кадровими рішеннями.",Так,Безумовно так,Важко відповісти,Безумовно так,2,7 - Повністю довіряю,1 - Зовсім не довіряю,7 - Повністю довіряю,3,3,"Федоров, Драпатий",5,Зовсім не погоджуюсь,4,Ні
384,Так,10,2026-08-10 08:43:37,2026-08-10 08:54:02,Так,Так,Так,Жіноча,29,Київська,Ні,Ні,Ні,Ні,Так,Ні,Ні,Ні,,Київ,Ні,Ні,Так,Ні,Ні,Ні,Побачила новини й психонула,Ні,Так,Так,Ні,,"Впливати на (неадекватні й необгрунтовані в даному випадку) рішення влади,  спонукати держапарат до діалогу та боротьба з корупцією",Так,Безумовно так,Важко відповісти,Скоріше так,3,6,1 - Зовсім не довіряю,7 - Повністю довіряю,2,3,"Роман Грищук,  Юлія Свириденко",7,Зовсім не погоджуюсь,10 - Цілком прийнятно,Так
385,Так,10,2026-08-10 08:46:53,2026-08-10 09:00:16,Так,Так,Так,Жіноча,39,Київська,Ні,Ні,Ні,Ні,Так,Ні,Ні,Ні,,Київ,Ні,Ні,Так,Ні,Ні,Ні,Також побачила дописи в Тредс і захотіла доєднатися.,Так,Так,Ні,Ні,,"Проти корупції, неможливо терпіти свалліля влади яка обкрадає народ. За повернення МО Федорова. Проти призначення некомпетентних людей та крадіїв на відповідальні посади, які визначають наше майбутнє. Такі люди як Єрмак, Арахамія, Умеров не мають бути при владі в мати доступ до державних коштів.",Так,Безумовно так,Скоріше так,Безумовно так,1 - Зовсім не довіряю,6,1 - Зовсім не довіряю,6,1 - Зовсім не довіряю,3,"Роман Лозинський, Михайло Федоров, Наталя Піпа, Інна Совсун,",4,Зовсім не погоджуюсь,0 - Зовсім неприйнятно,Ні
386,Так,10,2026-08-10 08:49:10,2026-08-10 09:12:49,Так,Так,Так,Жіноча,30,Київська,Ні,Ні,Ні,Ні,Так,Ні,Ні,Ні,,Київ,Ні,Так,Так,Ні,Ні,Ні,,Так,Ні,Ні,Ні,,"Відновлення демократичного суспільства, небайдужість до змін в обороні нашої країни",Так,Скоріше так,Скоріше ні,Важко відповісти,5,6,1 - Зовсім не довіряю,6,Важко сказати,Важко сказати,Федоров,Важко сказати,Не погоджуюсь,0 - Зовсім неприйнятно,Ні
387,Так,10,2026-08-10 08:58:40,2026-08-10 09:03:04,Так,Так,Так,Жіноча,25,Київська,Ні,Ні,Ні,Ні,Так,Ні,Ні,Ні,,Київ,Ні,Так,Ні,Ні,Ні,Ні,,Так,Ні,Ні,Ні,,"Продовження реформ, зменшення корупційних ризиків, зберегти курс на технологічність армії і модернізацію, повернення Федорова на посаду МО. Прозорість рішень влади, її підзвітність та діалог з суспільством",Так,Скоріше так,Скоріше ні,Важко відповісти,1 - Зовсім не довіряю,6,1 - Зовсім не довіряю,7 - Повністю довіряю,2,4,"Федоров, Железняк, Совсун",4,Зовсім не погоджуюсь,1,Так
388,Так,10,2026-08-10 08:58:41,2026-08-10 09:03:54,Так,Так,Так,Жіноча,45,м. Київ,Ні,Ні,Ні,Ні,Так,Ні,Ні,Ні,,Київ,Ні,Ні,Ні,Ні,Ні,Ні,Звільнення Федорова,Ні,Ні,Ні,Ні,"Прихожу, коли не працюю","Основне - недопускати насилля в армії, зупинити корупцію",Так,Скоріше так,Скоріше ні,Скоріше ні,1 - Зовсім не довіряю,7 - Повністю довіряю,1 - Зовсім не довіряю,7 - Повністю довіряю,1 - Зовсім не довіряю,Важко сказати,Федорову і Буданову,5,Зовсім не погоджуюсь,1,Ні
389,Так,10,2026-08-10 09:02:29,2026-08-10 09:56:18,Так,Так,Так,Жіноча,53,м. Київ,Ні,Ні,Ні,Ні,Ні,Ні,Ні,Так,плету маскувальні сітки для ЗСУ,Київ,Ні,Ні,Так,Ні,Ні,Ні,"Власне сприйняття та категорична незгода з абсурдними кадровими рішеннями, які шкодять Україні",Ні,Ні,Так,Ні,,"Продемонструвати владі масову незгоду і незадоволення народу кадровими рішеннями, які шкодять Україні, але радують ворога",Так,Безумовно так,Точно ні,Скоріше так,5,7 - Повністю довіряю,3,7 - Повністю довіряю,3,5,Михайлу Федорову,Важко сказати,Не погоджуюсь,3,Ні
390,Так,10,2026-08-10 09:06:40,2026-08-10 09:17:56,Так,Так,Так,Жіноча,58,м. Київ,Ні,Ні,Ні,Ні,Так,Ні,Ні,Ні,,Київ,Ні,Ні,Так,Ні,Ні,Ні,,Ні,Так,Так,Ні,,"Обурення кадровою політикою президента, що недвозначно доводить його особисту зацікавленість ц корупційних схемах і зупинку реформ закупівель
А також бажання нагадувати органам влади, що їх дії не є непоміченими",Так,Безумовно так,Скоріше ні,Скоріше так,2,7 - Повністю довіряю,1 - Зовсім не довіряю,7 - Повністю довіряю,3,5,"Федоров, Драпатий, Совсун, Грищук",3,Не погоджуюсь,0 - Зовсім неприйнятно,Так
391,Так,10,2026-08-10 09:07:54,2026-08-10 09:16:08,Так,Так,Так,Жіноча,24,м. Київ,Ні,Ні,Ні,Ні,Так,Ні,Ні,Ні,,м. Київ,Ні,Ні,Ні,Ні,Ні,Ні,Власне почуття гострої несправедливості до українського народу.,Ні,Так,Ні,Ні,,Домогтися від влади повернення Михайла Федорова на посаду міністра оборони України через його ефективніст на цій посаді.,Так,Безумовно так,Скоріше ні,Скоріше так,1 - Зовсім не довіряю,7 - Повністю довіряю,1 - Зовсім не довіряю,7 - Повністю довіряю,1 - Зовсім не довіряю,6,"Федоров, Драпатий",8,Зовсім не погоджуюсь,0 - Зовсім неприйнятно,Ні
392,Так,10,2026-08-10 09:08:16,2026-08-10 09:15:03,Так,Так,Так,Жіноча,33,м. Київ,Ні,Ні,Ні,Ні,Так,Ні,Ні,Ні,,Київ,Ні,Ні,Ні,Ні,Ні,Так,"Хотілось висловити свою громадянську позицію і захистити військових, поки вони захищають нас",Ні,Ні,Ні,Так,,"Повернути Федорова на посаду МО
Країна повинна працювати ефективно, а не виконувати хотєлки окремих людей",Так,Безумовно так,Важко відповісти,Безумовно так,3,7 - Повністю довіряю,1 - Зовсім не довіряю,7 - Повністю довіряю,Важко сказати,Важко сказати,"На даний момент ті хто в опитуванні,  також Лачен, Стерненко",Важко сказати,Зовсім не погоджуюсь,7,Ні
393,Так,10,2026-08-10 09:11:16,2026-08-10 09:26:18,Так,Так,Так,Жіноча,47,Запорізька,Ні,Ні,Ні,Ні,Так,Ні,Ні,Ні,,Запоріжжя,Ні,Так,Так,Ні,Ні,Ні,,Так,Ні,Так,Ні,,"Мета - повернення на посаду ефективного Міністра оборони України Михайла Федорова, боротьба з корупцією у Міністерстві оборони та у владі в цілому",Так,Безумовно так,Скоріше ні,Безумовно так,1 - Зовсім не довіряю,7 - Повністю довіряю,1 - Зовсім не довіряю,7 - Повністю довіряю,1 - Зовсім не довіряю,1 - Зовсім не довіряю,Нікому,7,Зовсім не погоджуюсь,0 - Зовсім неприйнятно,Ні
394,Так,10,2026-08-10 09:11:27,2026-08-10 09:17:55,Так,Так,Так,Чоловіча,37,Київська,Ні,Ні,Ні,Ні,Так,Ні,Ні,Ні,,Київ,Ні,Ні,Так,Ні,Ні,Ні,,Ні,Ні,Ні,Так,,Вислів недовіри чинній владі,Так,Безумовно так,Важко відповісти,Безумовно так,1 - Зовсім не довіряю,7 - Повністю довіряю,1 - Зовсім не довіряю,7 - Повністю довіряю,1 - Зовсім не довіряю,1 - Зовсім не довіряю,"Железняк, Радіна, Федоров, Залужний",5,Зовсім не погоджуюсь,0 - Зовсім неприйнятно,Так
395,Так,10,2026-08-10 09:19:34,2026-08-10 09:35:59,Так,Так,Так,Чоловіча,26,м. Київ,Ні,Ні,Ні,Ні,Так,Ні,Ні,Ні,,м. Київ,Ні,Ні,Так,Ні,Ні,Ні,,Так,Так,Так,Ні,,"Я приймаю участь у мітингах, т.я. я незгоден з нинішньою політикою ОП та пана президента. Я як проти звільнення ефективних людей з важливих державних посад (в т.ч. проти звільнення пана Федорова з посади МО), так і проти просування ""друзів"" президента на ці місця. Я проти  ручного управління і ігнорування волі народу. Я проти покривання корупціонерів і ""розпилу"" як бюджетів, так і посад (я не вірю, що умовний Умєров - гідний кандидат на посаду голови СЗР, - це просто чергова спроба поставити на важливу посаду ""кєнта""). Вже під час мітингів, коли розкривалися все більше інформації про злочини у війську в т.ч. за сприянням Сирського і наближених до нього людей. Але його відставка і передання цієї посади пану Драпатому (котрий, безумовно, наразі є найкращою можливою кандидатурою. Я щиро радий його призначенню) не є достатнім результатом, котрого я і, я певен, мої однодумці-мітингувальники хотів би досягнути. Ми вимагаємо прозорості, діалогу і підзвітності влади перед суспільством.",Так,Безумовно так,Важко відповісти,Безумовно так,2,6,1 - Зовсім не довіряю,6,Важко сказати,4,"Федоров, Драпатий",7,Зовсім не погоджуюсь,0 - Зовсім неприйнятно,Так
396,Так,10,2026-08-10 09:26:20,2026-08-10 09:34:11,Так,Так,Так,Жіноча,27,Перебуваю за кордоном,Ні,Ні,Ні,Ні,Так,Ні,Ні,Ні,,Київ,Ні,Ні,Ні,Ні,Ні,Ні,"Втомилась дивитись як Зеленський і його друзі розграбовують Україну, та ще й під час війни. Вирішила вийти на протест проти корупції.",Ні,Так,Ні,Ні,,"Моя мета: Парламентські вибори, перезавантаження урядової системи, притягнення до відповідальності учасників корупційних скандалів.",Так,Безумовно так,Безумовно так,Безумовно так,1 - Зовсім не довіряю,7 - Повністю довіряю,1 - Зовсім не довіряю,7 - Повністю довіряю,1 - Зовсім не довіряю,1 - Зовсім не довіряю,"Федоров, Безугла, Свириденко",5,Зовсім не погоджуюсь,0 - Зовсім неприйнятно,Так
397,Так,10,2026-08-10 09:31:38,2026-08-10 09:36:23,Так,Так,Так,Жіноча,28,м. Київ,Ні,Ні,Ні,Ні,Так,Ні,Ні,Ні,,Київ,Ні,Так,Так,Ні,Ні,Ні,,Ні,Так,Так,Ні,,"Повернення Федорова, наладжування діалогу з владою, протистояння корупційним схемам на військових закупках, продовження плану війни який вже дав результат",Так,Безумовно так,Скоріше ні,Безумовно так,1 - Зовсім не довіряю,7 - Повністю довіряю,1 - Зовсім не довіряю,6,2,3,"Федоров, Драпатий",Важко сказати,Зовсім не погоджуюсь,0 - Зовсім неприйнятно,Ні
398,Так,10,2026-08-10 09:37:09,2026-08-10 09:59:58,Так,Так,Так,Жіноча,22,Чернівецька,Ні,Ні,Ні,Ні,Так,Ні,Ні,Ні,,Чернівці,Ні,Ні,Ні,Ні,Ні,Так,,Так,Ні,Ні,Так,,"Бажання жити у країні де не розкладається бюджет (особливо оборонний), де цінується життя військових і ті хто його не цінують несуть відповідальність, де влада комунікує своє рішення та може їх справедливо обгрунтувати, де рейтинги не ставлять вище за рішенням які допомагають Україні у війні",Так,Безумовно так,Важко відповісти,Скоріше так,3,6,1 - Зовсім не довіряю,7 - Повністю довіряю,Важко сказати,5,важко відповісти,5,Зовсім не погоджуюсь,0 - Зовсім неприйнятно,Так
399,Так,10,2026-08-10 09:38:38,2026-08-10 09:59:33,Так,Так,Так,Чоловіча,21,Чернівецька,Ні,Ні,Так,Ні,Так,Ні,Ні,Ні,Волонтерська діяльність,Чернівці,Ні,Так,Ні,Ні,Ні,Ні,Побачив новину про відставку Федорова через скандал із Сирським і був обурений одразу та шукав самостійно як долучитися до протестів,Ні,Ні,Ні,Так,,"- Відстоювання права країни на адекватні та технологічно-прогресивні рішення;
- Виступ проти застарілої системи, яка працює неефективно;
- Повернення міністра оборони, реформи якого були орієнтовані на введення асиметричної війни та збільшення технологічного потенціалу країни, який потребували так довго;
- Виступ проти абсурдних, ""інфантильних"" та ""дурних"" рішень з боку керівництва верхівок. Як от призначення Умєрова на посаду СЗРУ, який ЖОДНОЇ дотичної справи до розвідки, освіти в цій галузі та досвіду немає. Або ж, як було на початку, зняття Федорова, який є реформатором, що впроваджував технології у введення війни, та призначення Ігоря Клименко на посаду в.о. міністра оборони, який відомий своїм інтерв'ю ""як відрізнити солдата, що служив у радянській армії, від того, що не служив"". І також призначення Кіма головою міністерства у справах ветеранів, який ДАЛЕКИЙ від розуміння того, що необхідно ветеранам, які проблеми є у ветеранів і т.д.;
- Рокировка та перестановка тих самих кадрових облич. Це лише свідчить про неспроможність або закритість влади до залучення нового потенціалу та нових кадрів, які могли б принести дійсну користь, нові погляди та свіжі ідеї до розвитку державу та самої країни;
- Неефективність управління та ряд питань до урядовців;

І т.д.",Так,Безумовно так,Скоріше так,Важко відповісти,4,6,1 - Зовсім не довіряю,7 - Повністю довіряю,1 - Зовсім не довіряю,5,Ніякому. Затрудняюсь дати відповідь,4,Зовсім не погоджуюсь,0 - Зовсім неприйнятно,Так
400,Так,10,2026-08-10 09:39:05,2026-08-10 09:50:47,Так,Так,Так,Жіноча,21,Чернівецька,Ні,Ні,Ні,Ні,Так,Ні,Ні,Ні,,Чернівці,Так,Так,Ні,Ні,Ні,Ні,,Так,Ні,Ні,Так,,"Повернути федорова, повернути демократію, владу народу, щоб нас почули і побачили, щоб люди були більш чуйними до того що відбувається поруч з ними.",Так,Безумовно так,Скоріше ні,Скоріше так,3,5,1 - Зовсім не довіряю,4,"Не знаю, хто це",1 - Зовсім не довіряю,Федоров,4,Не погоджуюсь,3,Ні
401,Так,10,2026-08-10 09:43:40,2026-08-10 09:48:32,Так,Так,Так,Жіноча,39,м. Київ,Ні,Ні,Ні,Ні,Так,Ні,Ні,Ні,,"Полтава, Київ",Ні,Ні,Так,Ні,Ні,Ні,,Так,Ні,Ні,Ні,,Не дати перетворити Україну на росію 2.0,Так,Безумовно так,Важко відповісти,Скоріше так,1 - Зовсім не довіряю,6,1 - Зовсім не довіряю,7 - Повністю довіряю,Важко сказати,Важко сказати,,2,Зовсім не погоджуюсь,0 - Зовсім неприйнятно,Ні
402,Так,10,2026-08-10 09:44:24,2026-08-10 09:58:39,Так,Так,Так,Жіноча,32,Чернівецька,Ні,Ні,Ні,Ні,Так,Ні,Ні,Ні,,Чернівці,Ні,Ні,Ні,Ні,Ні,Ні,"Були серед тих, хто стихійно самоорганізувався через тредс",Так,Ні,Ні,Ні,,"Хочу, діалогу від влади, прозорої кадрової політики, повернення Михайла Федорова на посаду Міністра оборони. Хочу щоб тих, хто залучений у корупційних справах, були під слідством та несли відповідальність, а не переходили на інші посаду. Хочу, щоб посади не діставалися людям тільки тому, що вони куми, друзі, вигідні, непомітні, політично не амбітні тощо. Хочу щоб влада України працювала на нашу перемогу над росією, а не на внутрішній розкол всередині суспільства та деморалізацію. Хочу, щоб моя країна вистояла у цій війні, а не тонула через недолугі владні рішення та корупцію. Для мене ця війна триває вже 12 років. Це неймовірно довго.",Так,Безумовно так,Скоріше так,Скоріше так,2,6,1 - Зовсім не довіряю,7 - Повністю довіряю,4,7 - Повністю довіряю,"Якщо брати посадовців - Федоров, Свириденко, якщо брати не політиків - Буданов, Малюк, Хмара, Драпатий, Білецький, Редіс",Важко сказати,Зовсім не погоджуюсь,0 - Зовсім неприйнятно,Ні
403,Так,10,2026-08-10 09:44:43,2026-08-10 09:51:15,Так,Так,Так,Жіноча,22,Чернівецька,Ні,Ні,Ні,Ні,Так,Ні,Ні,Ні,,Чернівці,Ні,Так,Так,Ні,Ні,Ні,,Так,Ні,Ні,Ні,,"Якщо раніше це був просто протест за реформи, інновації та технології у війську, а Федоров був як таким втіленням таких інновацій і саме тому ми вимагали і вимагаємо його повернення. То зараз до цих вимог доєдналися вимоги щодо комунікації влади з народом, прозорі рішення, пояснення дій. На мою думку питання зараз стоїть вже в демократії як такій - в нас є реальні шанси втратити цю демократію. Моя мета наразі - отримати від влади реакцію, а не ігнор. А далі подивимось.",Так,Безумовно так,Важко відповісти,Скоріше так,2,6,1 - Зовсім не довіряю,7 - Повністю довіряю,2,7 - Повністю довіряю,"Залужний, якщо його можна вважати політиком. Але поріаняння дивні, адже Хмара та Драпатий не є подітиками. Вони військові...",6,Зовсім не погоджуюсь,3,Так
404,Так,10,2026-08-10 09:46:53,2026-08-10 16:51:55,Так,Так,Так,Жіноча,25,м. Київ,Ні,Ні,Ні,Ні,Так,Ні,Ні,Ні,Волонтерство для ветеранів та чинних військовослужбовців,Київ,Ні,Ні,Так,Ні,Ні,Ні,Особисте невдоволення кадровими рішеннями в країні,Так,Ні,Так,Ні,,"Моя мета, як і багатьох інших учасників спершу була одна - повернути Федорова на посаду МО. Згодом, нам додали контексту щодо діяльності Сирського, а також його спроби залякати військовослужбовців, які виходили на протести чи підтримували їх. Тому до першої вимоги додалась ще й вимога відставити Сирського і призначити на пост Драпатого. Після чого, протести тривали щоденно. 31.07 люди організувалися у масштабну ходу (чи не найбільшу з часів Революції Гідності). І десь у цей момент (чи можливо, навіть трішки раніше) мітинги перетворилися уже, радше, не лише за саме повернення Федорова, а й за повернення і розбудову діалогу влади з народом. За реформи, за адекватні кадрові рішення, або хоча б за кадрові рішення, які адекватно і аргументовано прокомунікувані з народом. 
За те, аби нарешті припинили призначати на посади некомпетентних людей (як-от Кім на посаду Міністра Ветеранів). Або ж людей, які тісно зав'язані з корупцією і мали б нести відповідне покарння за це, та, можливо, сидіти у в'язниці, а не займати посади Служби Зовнішньої Розвідки, як-от Умєров, який був на плівках Міндіча. 
І якщо раніше, після того, як влада робила чергове невипрадане рішення, люди виходили на протест, і влада змінювала своє рішення (тобто, по-суті, частково дослухалась до народу хоч інколи), то зараз, коли ми вже четвертий тиждень кричимо про критичні проблеми (і зазначу, це вже не лише про Федорова і не про нього, як персоналію), нас просто продовжують ігнорувати, робити вигляд, що нас навіть немає. Це, як на мене, є дуже значною проблемою для держави у стані повномасштабної війни, так само як і ризик повного краху державного управління",Так,Безумовно так,Скоріше так,Скоріше так,2,5,1 - Зовсім не довіряю,5,1 - Зовсім не довіряю,5,"Не спадає зараз на думку конкретний діяч, окрім згаданих вище. Хочу додати уточнення щодо рівня довіри до цих людей - вважаю, що до усього потрібно ставитися критично, а не сльпо довіряти певній людині. Також, важко вистачити рівень довіри для Драпатого та Хмари, оскільки вони не фактично не розпочали повноцінно свою роботу, хоч і загалом суспільна думка та відгуки військових про цих людей доволі хороші. Тому я б сказала, що на цих людей великі сподівання, але про довіру можна сказати буде більш точно після певного часу їхньої роботи на цих посадахя",7,Зовсім не погоджуюсь,0 - Зовсім неприйнятно,Так
405,Ні,7,2026-08-10 09:48:23,2026-08-10 09:59:30,Так,Так,Так,Жіноча,33,Чернігівська,Ні,Ні,Ні,Ні,Так,Ні,Ні,Ні,,"Чернігів, Київ",Ні,Ні,Ні,Ні,Ні,Ні,"Побачила багато-багато дописів (звичайні, не публічні персони), що люди в різних містах збираються йти на площу свого міста завтра зранку в 9.01.",Ні,Так,Ні,Ні,,"Показати, що громадськість «не хаває» мовчки будь-яке рішення влади. Висловити обурення цим рішенням та підтримати трек на системні зміни.",Так,Скоріше так,Точно ні,Точно ні,,,,,,,,,,,
406,Так,10,2026-08-10 09:49:26,2026-08-10 09:55:52,Так,Так,Так,Жіноча,27,м. Київ,Ні,Ні,Ні,Ні,Так,Ні,Ні,Ні,,Київ,Ні,Ні,Так,Ні,Ні,Ні,,Ні,Ні,Так,Ні,,"Остання надія на існування України як такої. 
Я щиро вірю, що із топ-корупцвогеркми на усіх ключових посадах в Україні, у нас рівно нуль шансів вижити.",Так,Безумовно так,Безумовно так,Безумовно так,1 - Зовсім не довіряю,6,1 - Зовсім не довіряю,7 - Повністю довіряю,2,6,"Федоров, центр протидії корупції, железняк",4,Зовсім не погоджуюсь,0 - Зовсім неприйнятно,Так
407,Так,10,2026-08-10 09:49:42,2026-08-10 09:57:45,Так,Так,Так,Жіноча,37,м. Київ,Ні,Ні,Ні,Ні,Так,Ні,Ні,Ні,,Київ,Ні,Ні,Ні,Ні,Ні,Ні,"Це був мій свідомий вибір проти узурпації влади та свавілля, що наразі відбувається в Україні",Ні,Так,Ні,Ні,,"Мета - перемога у війні. Відсторонення від влади зелених посіпак, які не зацікавлені в перемозі у війні. Це видно з їх кадрових призначень, звільненні ефективних людей з владних посад. Наразі в Україні відбувається повне свавілля зелених управлінців на чолі з Зеленським та узурпація влади! З цим потрібно якомога скоріше розібратися і створити уряд національної єдності, що допоможе нам перемогти у війні!!! Протест буде продовжуватися поки народ не добʼється справедливості і перемоги!!!",Так,Безумовно так,Скоріше ні,Безумовно так,1 - Зовсім не довіряю,6,1 - Зовсім не довіряю,6,1 - Зовсім не довіряю,1 - Зовсім не довіряю,"Етнічним українцям у владі. Бо наразі владну вертушку займають люди, які не зацікавлені в Україні. Це євреї, грузин, татарин, росіяни та ін. Українців дуже мало. Так не має бути!!!",9,Зовсім не погоджуюсь,Важко сказати,Так
408,Так,10,2026-08-10 09:49:45,2026-08-10 09:56:34,Так,Так,Так,Жіноча,24,Чернівецька,Ні,Ні,Ні,Ні,Так,Ні,Ні,Ні,,"Чернівці, Луцьк",Ні,Так,Ні,Ні,Ні,Ні,,Так,Так,Ні,Ні,,Вплинути на розвиток країни в якій ще хотілося б пожити наступні десятиліття,Так,Безумовно так,Скоріше так,Скоріше так,3,5,2,7 - Повністю довіряю,2,6,Совсун Інна,4,Зовсім не погоджуюсь,0 - Зовсім неприйнятно,Ні
409,Так,10,2026-08-10 09:51:48,2026-08-10 10:00:55,Так,Так,Так,Жіноча,27,м. Київ,Ні,Ні,Так,Ні,Так,Ні,Ні,Ні,,Київ,Ні,Ні,Ні,Ні,Ні,Так,,Так,Ні,Так,Так,,Бути почутим,Так,Точно ні,Важко відповісти,Скоріше ні,3,6,2,4,2,3,"Залужний, буданов, федоров, малюк",3,Зовсім не погоджуюсь,3,Ні
410,Так,10,2026-08-10 09:53:33,2026-08-10 10:02:02,Так,Так,Так,Жіноча,25,м. Київ,Ні,Ні,Так,Ні,Так,Ні,Ні,Ні,,Київ,Ні,Ні,Ні,Ні,Ні,Ні,Власне рішення,Так,Ні,Ні,Ні,,"Мета- бути голосом тих хто не може. Показати владі, що не всі рішення є сприятливими для перемоги під час великої війни",Так,Безумовно так,Скоріше так,Скоріше так,3,7 - Повністю довіряю,1 - Зовсім не довіряю,7 - Повністю довіряю,1 - Зовсім не довіряю,5,,Важко сказати,Не погоджуюсь,Важко сказати,Так
411,Так,10,2026-08-10 09:55:37,2026-08-10 09:59:29,Так,Так,Так,Жіноча,19,Чернівецька,Ні,Ні,Так,Ні,Так,Ні,Ні,Ні,,Чернівці,Ні,Так,Ні,Ні,Ні,Так,,Ні,Ні,Так,Так,,За повернення Федорова на посаду міністра оборони. За призначення ветерана на посаду міністра ветеранів,Так,Безумовно так,Скоріше ні,Важко відповісти,Важко сказати,6,3,7 - Повністю довіряю,Важко сказати,6,"Важко сказати ще окрім тих, хто перераховані вище",5,Зовсім не погоджуюсь,5,Так
412,Так,10,2026-08-10 09:57:50,2026-08-10 10:17:36,Так,Так,Так,Жіноча,23,Чернівецька,Ні,Ні,Так,Ні,Ні,Ні,Ні,Ні,,Чернівці,Ні,Ні,Так,Ні,Ні,Ні,,Так,Ні,Ні,Ні,,"Джерело влади в Україні - нород. Президент не має права знімати ефективних людей з посади, не комунікуючи із суспільством, не пояснюючи своїх вчинків і на додачу ще й ігнорувати протести.",Так,Безумовно так,Скоріше ні,Безумовно так,1 - Зовсім не довіряю,7 - Повністю довіряю,1 - Зовсім не довіряю,7 - Повністю довіряю,1 - Зовсім не довіряю,6,"Драпатий, Федоров",5,Зовсім не погоджуюсь,0 - Зовсім неприйнятно,Так
413,Ні,5,2026-08-10 09:58:08,2026-08-10 09:59:42,Так,Так,Так,Жіноча,25,Чернівецька,Ні,Ні,Ні,Ні,Ні,Ні,Ні,Так,,Чернівці,Ні,Ні,Так,Ні,Ні,Ні,,Ні,Так,Ні,Ні,,,,,,,,,,,,,,,,,
414,Ні,8,2026-08-10 09:59:11,2026-08-10 10:12:05,Так,Так,Так,Чоловіча,21,Київська,Ні,Ні,Ні,Ні,Так,Ні,Ні,Ні,,Київ,Ні,Ні,Ні,Так,Ні,Ні,"Після новини про відставку одразу зрозумів що треба виходити, і в перший день вже бачив обурених людей у соцмережах та заклик на Франка. Прийшов і з першого дня по сьогодні пропустив лише кілька днів.",Ні,Так,Ні,Ні,,"Моя мета починалась просто за відстоювання Федорова, так як на мою думку це дійсно найкращий МО за останній час як мінімум і коли влада ніяк не коментує його звільнення то з'являється питання. Зараз мета вже перепливає в інше. Нова мета для мене особисто це за діалог з суспільством.",Так,Безумовно так,Скоріше так,Скоріше так,3,6,1 - Зовсім не довіряю,7 - Повністю довіряю,1 - Зовсім не довіряю,5,"Якщо вважати дотичних до цього протесту, це Михайло Драпатий через свої особисті упередження. Та з останніх подій більше довіряю Михайлу Федорову, через нормально комунікацію з народом як це пояснити не знаю але без відвертої гіпермегапотужності. Євгену Хмарі загалом трохи довіри є, людина під час перебування в.о. голови СБУ показала себе дуже добре на мій погляд, але не бачу сенсу знімати його з цієї посади, ставити на посаду МО, коли там і так був дуже ефективна людина.",,,,
415,Ні,7,2026-08-10 09:59:38,2026-08-10 10:05:14,Так,Так,Так,Жіноча,21,м. Київ,Ні,Ні,Так,Ні,Ні,Ні,Ні,Ні,,Київ,Ні,Так,Так,Ні,Ні,Ні,,Так,Ні,Ні,Ні,,"Початково - це вимога щодо повернення М. Федорова на посаду Міністра оборони. Загалом - висловлення громадянської позиції: запит на справедливість, протидію корупції, прозорість дій влади та вимога, щоб влада чула суспільство",Так,Безумовно так,Скоріше так,Скоріше так,,,,,,,,,,,
416,Так,10,2026-08-10 10:00:25,2026-08-10 10:05:50,Так,Так,Так,Жіноча,22,Київська,Ні,Ні,Ні,Ні,Так,Ні,Ні,Ні,,Київ,Так,Ні,Ні,Ні,Ні,Ні,,Ні,Ні,Ні,Так,,"Я хочу щоб в моїй країні не було катів і корупції. Люди стоять не за одне прізвище - вони стоять за прозорість, вільну думку та свободу. Люди хочуть майбутнього, мати можливість жити а не виживати",Так,Безумовно так,Скоріше так,Скоріше так,2,6,2,5,5,4,Наразі Федоров показав себе найпрозоріше,5,Не погоджуюсь,2,Так
417,Так,10,2026-08-10 10:00:43,2026-08-10 10:07:34,Так,Так,Так,Чоловіча,25,Київська,Ні,Ні,Ні,Ні,Так,Ні,Ні,Ні,,Київ,Ні,Так,Ні,Ні,Ні,Так,,Ні,Ні,Так,Так,,Я формував мету свого виходу на протест на основі того що народ є владою,Так,Безумовно так,Скоріше ні,Скоріше так,3,7 - Повністю довіряю,1 - Зовсім не довіряю,7 - Повністю довіряю,2,5,"Федоров, Драпатий, Хмара,",5,Зовсім не погоджуюсь,0 - Зовсім неприйнятно,Так
418,Так,10,2026-08-10 10:03:24,2026-08-10 10:18:24,Так,Так,Так,Чоловіча,20,Київська,Ні,Ні,Так,Ні,Так,Ні,Ні,Ні,,Київ,Ні,Ні,Так,Ні,Ні,Ні,,Ні,Так,Ні,Ні,,"Хочу змін на краще. Не тільки повернення Михайла Федорова, а і необхідних реформ для євроінтеграції, так як вони (в більшості) маю на меті прогрес нашої держави. Також не хочу допустити, щоб у нас формувалась диктатура, так як, деякі етапи в формуванні вже пройдені",Так,Безумовно так,Скоріше ні,Безумовно так,1 - Зовсім не довіряю,6,1 - Зовсім не довіряю,7 - Повністю довіряю,4,5,"Михайло Федоров, Сергій Корецький",3,Зовсім не погоджуюсь,0 - Зовсім неприйнятно,Так
419,Так,10,2026-08-10 10:03:46,2026-08-10 10:22:21,Так,Так,Так,Жіноча,37,Київська,Ні,Ні,Ні,Ні,Так,Ні,Ні,Ні,,Київ,Ні,Ні,Так,Ні,Ні,Ні,,Так,Ні,Ні,Ні,,"Відстоювання своїх конституційних прав. Нагадування людям при владі, що вони, в першу чергу, на роботі і мають гідно виконувати свої обовʼязки, а не чинити диктатуру та автократію у вільній та незалежній державі. Небайдужість до майбутнього України.",Так,Безумовно так,Скоріше ні,Скоріше ні,1 - Зовсім не довіряю,6,1 - Зовсім не довіряю,6,Важко сказати,5,Чорноволу,4,Не погоджуюсь,0 - Зовсім неприйнятно,Так
420,Так,10,2026-08-10 10:04:02,2026-08-10 10:09:35,Так,Так,Так,Жіноча,22,Чернівецька,Ні,Ні,Ні,Ні,Так,Ні,Ні,Ні,,Чернівці,Ні,Так,Так,Ні,Ні,Ні,,Так,Так,Ні,Ні,,Першочергово добитись від влади комунікації з народом і як наслідок повернення Федорова,Так,Безумовно так,Важко відповісти,Важко відповісти,3,6,1 - Зовсім не довіряю,6,3,4,"Драпатому, Федорову",6,Не погоджуюсь,0 - Зовсім неприйнятно,Ні
421,Так,10,2026-08-10 10:06:44,2026-08-10 10:25:42,Так,Так,Так,Жіноча,38,Чернівецька,Ні,Ні,Ні,Ні,Так,Ні,Ні,Ні,,Чернівці,Ні,Ні,Ні,Ні,Ні,Ні,Вирішила приєднатись,Так,Ні,Ні,Ні,,"Висловити протест проти хаотичної кадрової політики президента, неможна що півроку знімати й переставляти людей між різними посадами, людині потрібен час вникнути, розібратись. Така політика демотивує і тих хто на посадах і суспільство, так неможливо впровадити стратегічні зміни які конче необхідні під час війни. Ситуація з Федоровим це лише один з прикладів некомпетентної кадрової політики.",Так,Безумовно так,Скоріше ні,Скоріше так,2,6,1 - Зовсім не довіряю,6,4,6,,5,Не погоджуюсь,5,Ні
422,Так,10,2026-08-10 10:08:21,2026-08-10 10:13:22,Так,Так,Так,Жіноча,23,Київська,Ні,Ні,Ні,Ні,Ні,Ні,Ні,Ні,Працюю,Київ,Ні,Ні,Ні,Ні,Ні,Так,,Ні,Ні,Ні,Ні,Тредс,Боротись за демократію та з корупцією,Так,Важко відповісти,Важко відповісти,Важко відповісти,1 - Зовсім не довіряю,6,1 - Зовсім не довіряю,5,Важко сказати,4,Драпатий,5,Зовсім не погоджуюсь,0 - Зовсім неприйнятно,Так
423,Так,10,2026-08-10 10:10:47,2026-08-10 10:21:24,Так,Так,Так,Жіноча,18,м. Київ,Ні,Ні,Так,Ні,Так,Ні,Ні,Ні,,Київ,Ні,Ні,Так,Ні,Ні,Ні,,Так,Ні,Ні,Так,,В загальному за нормальне майбутнє країни та й за продовження її існування загалом,Так,Безумовно так,Важко відповісти,Скоріше так,3,6,1 - Зовсім не довіряю,6,"Не знаю, хто це",3,"Федоров, Драпатий і Залізняк, але не можу сказати, що це прям довіра, просто наразі вони не надто популістичні і можна бачити результати їх дій",5,Зовсім не погоджуюсь,0 - Зовсім неприйнятно,Так
424,Так,10,2026-08-10 10:13:32,2026-08-10 10:17:10,Так,Так,Так,Жіноча,44,Львівська,Ні,Ні,Ні,Ні,Так,Ні,Ні,Ні,,Львів,Ні,Ні,Ні,Ні,Ні,Ні,"Журналісти, Стерненко",Ні,Ні,Так,Ні,,"Повернення мо, зупинка корупції, субʼєктний парласент, обмеження влади Зеленського",Так,Безумовно так,Скоріше ні,Скоріше так,1 - Зовсім не довіряю,4,1 - Зовсім не довіряю,6,1 - Зовсім не довіряю,4,"Ющенку, Кротенку, деяким з Голосу,",3,Зовсім не погоджуюсь,0 - Зовсім неприйнятно,Так
425,Так,10,2026-08-10 10:14:13,2026-08-10 10:24:28,Так,Так,Так,Жіноча,36,Київська,Ні,Ні,Ні,Ні,Так,Ні,Ні,Ні,,Київ,Ні,Ні,Ні,Ні,Ні,Ні,"Інфа в медіа просторі, що люди пішли протестувати і я пішла",Ні,Так,Ні,Ні,,"Моя мета змусити Зеленського вибрати Україну, а не своїх міндічей, які явно продовжують впливати на його рішення!",Так,Скоріше так,Скоріше ні,Важко відповісти,3,6,3,6,"Не знаю, хто це",Важко сказати,"Буданов, Федоров (до того, як це стало мейнстрімом до речі)",1,Зовсім не погоджуюсь,0 - Зовсім неприйнятно,Ні
426,Так,10,2026-08-10 10:14:56,2026-08-10 10:24:03,Так,Так,Так,Чоловіча,27,м. Київ,Ні,Ні,Ні,Ні,Так,Ні,Ні,Ні,,Київ,Ні,Ні,Так,Ні,Ні,Ні,,Ні,Ні,Так,Ні,,Покращення комунікації між президентом та народом,Так,Безумовно так,Важко відповісти,Скоріше так,3,6,3,6,2,6,Федоров,6,"Наскільки погоджуюсь, настільки і не погоджуюсь",0 - Зовсім неприйнятно,Так
427,Так,10,2026-08-10 10:20:31,2026-08-10 10:27:44,Так,Так,Так,Жіноча,31,м. Київ,Ні,Ні,Ні,Ні,Так,Ні,Ні,Ні,працюю як найманий працівник + маю додатково свій бізнес,Київ,Ні,Ні,Так,Ні,Ні,Ні,"виходжу на протести, якщо вважаю що потрібно донести до влади щось конкретне",Ні,Так,Ні,Ні,,"участь в мітингах прибирає відчуття безсилля та безвиході, бо ти щось робиш у відповідь на дії влади; мета участі – прямо впливати на рішення, які приймаються в нашій країні, оскільки іноді протести це єдина форма комунікації з владою, яка є дієвою. якби влада реагувала на запит суспільства без протестів, це було би значно простіше",Так,Безумовно так,Скоріше ні,Важко відповісти,3,7 - Повністю довіряю,1 - Зовсім не довіряю,7 - Повністю довіряю,3,3,"важко назвати конкретні прізвища, але є критерії: ця людина має бути відкритою до комунікації з народом, реагувати на запит суспільства, нести відповідальність за свої дії і вміти щиро визнавати свої помилки",5,Зовсім не погоджуюсь,0 - Зовсім неприйнятно,Так
428,Так,10,2026-08-10 10:22:07,2026-08-10 10:41:35,Так,Так,Так,Жіноча,32,м. Київ,Ні,Ні,Ні,Ні,Так,Ні,Ні,Ні,,Київ,Ні,Ні,Ні,Ні,Ні,Ні,"Бачила сотні дописів у тредс, тож вночі пішла малювати картонку і о 9:01 16 липня вже була на Франка. На роботі сказала, що прийду в районі обіду або напишу за свій рахунок",Ні,Так,Ні,Ні,,"Я виходжу проти узурпації влади однієї людини, рішення якої грунтуються не на інтересах народу. Проти призначення кєнтів на посади. Проти звільнення ефективних працівників. Проти репресій у війську на відвертих злочинів військового командування. Про те, що все це стало можливим завдяки лояльності верховного головнокомандувача, тому в мене є низка питань і вимог. От з ними і за них я тут",Так,Безумовно так,Безумовно так,Безумовно так,1 - Зовсім не довіряю,7 - Повністю довіряю,1 - Зовсім не довіряю,7 - Повністю довіряю,1 - Зовсім не довіряю,Важко сказати,"Поки діє обмеження політичної активності у військовий час, я не можу повноцінно оцінити політичний потенціал діячів теперішніх і можливих",10 - Праві,Зовсім не погоджуюсь,0 - Зовсім неприйнятно,Ні
429,Так,10,2026-08-10 10:22:10,2026-08-10 10:49:29,Так,Так,Так,Жіноча,22,Чернівецька,Ні,Ні,Ні,Ні,Ні,Ні,Ні,Так,,Чернівці,Ні,Ні,Так,Ні,Ні,Ні,"Саме звільнення Федорова з посади МО, на той момент наявність Сирського на посаді Головнокомандувача ЗСУ, в цілому бажання показати активну позицію, адже ""мовчання - згода, ми - не згодні"".",Так,Так,Ні,Ні,"Від самих мітингувальників, які в кінці пкожного протесту закликали приходити наступного дня О певній годині","Якщо початкову мету - повернення Федорова в МО та звільнення Сирського. Тепер особисто мої вимоги (і моїх знайомих, друзів) змінилися. Тепер ми виступаємо за повернення Федорова на посаду МО; суд на Сирським (покарання його за військові злочини і, очевидно, повне припинення його діяльності в ЗСУ, а ще краще - за ґрати його); міністр ветеранів має бути ветеран (Кім не підходяща кандидатура, він поводить себе як мале дитя, якому дали владу); Хмару в Голови СБУ (він чудовий професіонал, але військовий не може обіймати посаду МО, це цивільна посада, тому ми його бачимо в іншому напрямку); канікули військовим, а не депутатам (власне, швидше повернення їх з канікул, та нас не чують і явно ми вже дочекаємося повного їх повернення, як вони собі це планували); прибрати Умєрова, бо це людина, яка краде і наживається на війні, його місце за ґратами; і, найголовніше, ми стоїмо за демократію. Ми хочемо, щоб нас чули. Влада - це народ. Ми стоїмо вже 25 день, йде 26... Без вихідних щовечора ми стоїмо до пізньої ночі в підтримку київських мітингувальників, щоб продемонструвати, що нам не все одно і показати, що ми теж проти таких рішень. Володимир Зеленський не сприймає нас від слова зовсім. Як президент країни, за яку ми стоїмо, він не дослухається до народу, не робить висновки, не чує вимог тисячі людей, які просто хочуть, щоб війну не затягували. Для чого потрібно було прибирати Федорова, який найбільший вклад зробив з усіх МО, які були? Ми нарешті почали робити боляче росії. Для чого було на місце МО ставити Хмару, який, так, є чудовим професіоналом, але не як МО. Доки він адаптується до нових обов'язків, доки зрозуміє, що робити. Це все час. А в українців немає часу. Я максимально відчуваю смуток і гнівні емоції, у мене опускаються руки і я, як патріотка, все більше думаю про те, що нашій країні з такими рішеннями настане крах. Якщо президент хоче знищити віру українців, надію, патріотизм... То він робить все в найкращому вигляді. Не здивуюсь, якщо українці, як нація, взагалі зникнуть з таким ставленням. Хоча я все ще наївно вірю, що нас почують. Будь ласка...",Так,Безумовно так,Безумовно так,Безумовно так,3,7 - Повністю довіряю,1 - Зовсім не довіряю,7 - Повністю довіряю,Важко сказати,7 - Повністю довіряю,Федоров,0 - Ліві,Важко сказати,5,Ні
430,Так,10,2026-08-10 10:25:01,2026-08-10 10:29:15,Так,Так,Так,Чоловіча,27,Чернівецька,Ні,Ні,Ні,Ні,Так,Ні,Ні,Ні,,Чернівці,Ні,Так,Так,Ні,Ні,Ні,,Так,Ні,Так,Так,,Боротьба проти нераціональних рішень,Так,Скоріше так,Скоріше ні,Скоріше так,3,6,1 - Зовсім не довіряю,6,3,5,"Ярослав Железняк, Михайло Федоров",7,"Наскільки погоджуюсь, настільки і не погоджуюсь",5,Так
431,Так,10,2026-08-10 10:30:08,2026-08-10 10:35:28,Так,Так,Так,Жіноча,25,Тернопільська,Ні,Ні,Так,Ні,Так,Ні,Ні,Ні,,"Львів, Чернівці, Київ",Ні,Так,Ні,Ні,Ні,Ні,,Ні,Ні,Ні,Так,,"Проти тупих кадрових рішень (мінвет, мвс, нацпол, сбу в тому числі)",Так,Важко відповісти,Важко відповісти,Важко відповісти,3,5,1 - Зовсім не довіряю,4,1 - Зовсім не довіряю,5,Кравченко,5,"Наскільки погоджуюсь, настільки і не погоджуюсь",2,Так
432,Так,10,2026-08-10 10:30:31,2026-08-10 10:42:48,Так,Так,Так,Жіноча,26,м. Київ,Ні,Ні,Ні,Ні,Так,Ні,Ні,Ні,,Київ,Ні,Так,Так,Ні,Ні,Ні,,Ні,Так,Так,Ні,,"Перша мета через яку вийшла - Повернення Федорова на посаду МО. 
Додатково: звільнення Сирського, проти дивних кадрових рішень, проти корупції, проти перерв у засіданнях Верховної Ради.
Наразі в нас немає Міністра Оборони ( тільки тво), у воюючій країні.",Так,Безумовно так,Скоріше ні,Важко відповісти,2,4,1 - Зовсім не довіряю,6,Важко сказати,Важко сказати,"Не довіряю, просто слідкую",4,Не погоджуюсь,1,Так
433,Так,10,2026-08-10 10:30:41,2026-08-10 10:56:56,Так,Так,Так,Жіноча,18,м. Київ,Ні,Ні,Так,Ні,Ні,Ні,Ні,Ні,,Київ,Ні,Ні,Так,Ні,Ні,Ні,,Ні,Так,Ні,Ні,,"Показати, що мені, як і всім учасникам протестів, не байдуже на майбутнє України. А також продемонструвати, що ми не терпітимемо свавілля з боку влади (рандомні звільнення/призначення, мовчанка у відповідь на вимоги народу)",Так,Безумовно так,Важко відповісти,Скоріше ні,2,6,1 - Зовсім не довіряю,6,Важко сказати,5,"Федоров, Железняк, Совсун",Важко сказати,"Наскільки погоджуюсь, настільки і не погоджуюсь",0 - Зовсім неприйнятно,Ні
434,Так,10,2026-08-10 10:38:46,2026-08-10 10:46:51,Так,Так,Так,Чоловіча,18,Київська,Так,Ні,Ні,Ні,Ні,Ні,Ні,Ні,,Київ,Ні,Ні,Так,Ні,Ні,Ні,,Ні,Ні,Так,Ні,,"Діалог з народом, виконання статті 5 конституції України, підтримка Федорова і його рішень, не задоволення кадровими рішеннями і відсутність коментарів від органів державної влади",Так,Безумовно так,Скоріше так,Скоріше так,4,6,2,5,Важко сказати,3,"Федоров, Мадяр, Драпатий",Важко сказати,Не погоджуюсь,Важко сказати,Ні
435,Так,10,2026-08-10 10:42:05,2026-08-10 10:57:30,Так,Так,Так,Жіноча,27,Київська,Ні,Ні,Ні,Ні,Так,Ні,Ні,Ні,,Київ,Ні,Так,Ні,Ні,Ні,Так,,Ні,Так,Ні,Так,,"Домогтися кадрових рішень, які сприятимуть нашій обороноздатності, зокрема — звільнення Сирського і повернення Федорова на посаду МО;
 Створити опір корупційним схемам, продемонструвати, що громадянське суспільство прагне системних змін в армії, закупівлях і управлінських підходах; закликати ВР проявити власну субʼєктність",Так,Безумовно так,Скоріше ні,Безумовно так,3,6,1 - Зовсім не довіряю,6,4,4,Федоров,4,Зовсім не погоджуюсь,0 - Зовсім неприйнятно,Так
436,Так,10,2026-08-10 10:45:33,2026-08-10 10:51:49,Так,Так,Так,Жіноча,19,Чернівецька,Ні,Ні,Так,Ні,Ні,Ні,Ні,Ні,,Чернівці,Так,Так,Ні,Ні,Ні,Ні,,Так,Ні,Ні,Ні,,суд сирського,Так,Скоріше так,Важко відповісти,Важко відповісти,2,6,1 - Зовсім не довіряю,6,4,5,Михайлу Федорову,3,Не погоджуюсь,10 - Цілком прийнятно,Ні
437,Ні,5,2026-08-10 10:49:06,2026-08-10 10:50:19,Так,Так,Так,Жіноча,18,Чернівецька,Ні,Ні,Ні,Ні,Так,Ні,Ні,Ні,,Чернівці,Так,Так,Ні,Ні,Ні,Ні,,Ні,Ні,Ні,Так,,,,,,,,,,,,,,,,,
438,Так,10,2026-08-10 10:52:19,2026-08-10 10:58:38,Так,Так,Так,Жіноча,18,Київська,Ні,Ні,Так,Ні,Ні,Ні,Ні,Ні,,Київ,Ні,Так,Так,Ні,Ні,Ні,,Так,Так,Так,Ні,,"Показати, що мені не всеодно на те що відбувається",Так,Безумовно так,Скоріше ні,Важко відповісти,2,6,2,5,Важко сказати,4,Важко сказати,6,Не погоджуюсь,1,Так
439,Так,10,2026-08-10 10:52:47,2026-08-10 10:58:31,Так,Так,Так,Жіноча,21,м. Київ,Ні,Ні,Ні,Ні,Так,Ні,Ні,Ні,,Тільки Київ,Ні,Так,Так,Ні,Ні,Ні,,Так,Ні,Ні,Так,,"Домогтись комунікації між владою та народом. Повернення Михайла Федорова на посаду, в майбутньому прозоро повідомляти про такі кардинальні зміни в посадах, які багато що вирішують",Так,Безумовно так,Важко відповісти,Безумовно так,3,6,1 - Зовсім не довіряю,6,1 - Зовсім не довіряю,6,"Нікому не можна довіряти. Вони політики, за ними потрібно спостерігати постійно",7,Зовсім не погоджуюсь,Важко сказати,Так
440,Так,10,2026-08-10 10:53:49,2026-08-10 10:59:21,Так,Так,Так,Жіноча,19,Київська,Ні,Ні,Так,Ні,Так,Ні,Ні,Ні,,Київ,Ні,Ні,Ні,Ні,Ні,Ні,Моя власна позиція,Так,Так,Ні,Ні,,Відновити право України на перемогу та подолати корупційні схеми в найважливішому міністерстві,Так,Безумовно так,Скоріше ні,Скоріше так,1 - Зовсім не довіряю,7 - Повністю довіряю,1 - Зовсім не довіряю,7 - Повністю довіряю,1 - Зовсім не довіряю,Важко сказати,,Важко сказати,Не погоджуюсь,0 - Зовсім неприйнятно,Ні
441,Так,10,2026-08-10 10:59:24,2026-08-10 11:03:59,Так,Так,Так,Жіноча,26,м. Київ,Ні,Ні,Ні,Ні,Так,Ні,Ні,Ні,,Київ,Ні,Так,Так,Ні,Ні,Ні,,Так,Ні,Ні,Ні,,Мета - повернення Федорова на посаду МО!,Так,Скоріше ні,Скоріше так,Скоріше так,4,6,2,6,"Не знаю, хто це","Не знаю, хто це","Михайло Драпатий, Михайло Федоров",Важко сказати,Не погоджуюсь,Важко сказати,Ні
442,Так,10,2026-08-10 11:30:10,2026-08-10 11:41:10,Так,Так,Так,Жіноча,24,м. Київ,Ні,Ні,Ні,Ні,Так,Ні,Ні,Ні,,Київ,Ні,Ні,Так,Ні,Ні,Так,,Так,Ні,Ні,Так,,"Я хочу жити в демократичній країні. Звільнення Михайла Федорова - лише один із прикладів самовільно прийнятих рішень, які нікому не підуть на користь.",Так,Безумовно так,Скоріше так,Скоріше так,4,7 - Повністю довіряю,1 - Зовсім не довіряю,7 - Повністю довіряю,Важко сказати,5,Михайло Федоров,Важко сказати,Зовсім не погоджуюсь,Важко сказати,Так
443,Так,10,2026-08-10 11:30:39,2026-08-10 11:38:27,Так,Так,Так,Жіноча,18,Чернівецька,Ні,Ні,Так,Ні,Ні,Ні,Ні,Ні,,Чернівці,Так,Так,Ні,Ні,Ні,Ні,,Так,Так,Ні,Ні,,"Вираження свого невдоволення рішеннями влади, прагнення виправити проблеми. Повернення Федорова в МО, Мін Ветеранів має бути ветеран. Прозора комунікація з народом",Так,Безумовно так,Скоріше ні,Важко відповісти,2,5,1 - Зовсім не довіряю,6,3,5,Інна Совсун,2,Зовсім не погоджуюсь,0 - Зовсім неприйнятно,Ні
444,Так,10,2026-08-10 11:32:52,2026-08-10 11:36:31,Так,Так,Так,Жіноча,28,м. Київ,Ні,Ні,Ні,Ні,Ні,Ні,Ні,Так,,Київ,Ні,Так,Так,Ні,Ні,Ні,,Так,Ні,Ні,Так,,Висловити протест проти узурпації влади та добитися справедливих кадрових та правових рішень,Так,Скоріше так,Важко відповісти,Важко відповісти,4,6,1 - Зовсім не довіряю,7 - Повністю довіряю,1 - Зовсім не довіряю,7 - Повністю довіряю,Не можу сказати,5,Зовсім не погоджуюсь,0 - Зовсім неприйнятно,Ні
445,Ні,6,2026-08-10 11:43:59,2026-08-10 11:47:22,Так,Так,Так,Жіноча,37,м. Київ,Ні,Ні,Ні,Ні,Так,Ні,Ні,Ні,,Київ,Ні,Ні,Ні,Ні,Так,Ні,,Ні,Так,Ні,Ні,,Перемога України у війні,,,,,,,,,,,,,,,
446,Так,10,2026-08-10 11:44:17,2026-08-10 11:49:39,Так,Так,Так,Чоловіча,28,Київська,Ні,Ні,Ні,Ні,Так,Ні,Ні,Ні,,Київ,Ні,Ні,Ні,Ні,Ні,Ні,Свідома громадянська позиція,Так,Ні,Ні,Ні,,"Донесення до влади суспільного невдоволення прийняттям кадрових рішень у спосіб, що не відповідає Конституції та іншим законам України",Так,Скоріше так,Скоріше так,Скоріше так,1 - Зовсім не довіряю,5,1 - Зовсім не довіряю,5,2,4,Жоден з поточних політичних діячів не викликає в мене відчуття глибокої довіри,6,Не погоджуюсь,0 - Зовсім неприйнятно,Так
447,Так,10,2026-08-10 11:46:08,2026-08-10 12:08:58,Так,Так,Так,Жіноча,38,Чернівецька,Ні,Ні,Ні,Ні,Так,Ні,Ні,Ні,,Чернівці,Ні,Так,Ні,Ні,Ні,Ні,,Ні,Так,Ні,Ні,,"Кардинальне реформування системи оборони та очищення її від корупції у сфері військових закупівель і зведення захисту для енергетичних підстанцій. Відмова від застарілих радянських підходів до управління та ліквідації схем із закупівлею непотрібного озброєння, натомість поставити в центр військової стратегії збереження життів особового складу через масштабну технологізацію війни, розвиток воювання дронами а не людьми. Свобода слова для військовослужбовців, негайне припинення тиску та погроз за критику реального стану справ у війську, а також поновлення Михайла Федорова на посаді міністра оборони як представника системних технологічних змін і прозорості.",Так,Безумовно так,Скоріше так,Скоріше так,1 - Зовсім не довіряю,7 - Повністю довіряю,1 - Зовсім не довіряю,7 - Повністю довіряю,1 - Зовсім не довіряю,Важко сказати,Я хочу бачити результати. Хто саме їх дасть - не так важливо.,Важко сказати,Не погоджуюсь,0 - Зовсім неприйнятно,Ні
448,Так,10,2026-08-10 11:50:03,2026-08-10 11:57:03,Так,Так,Так,Жіноча,36,Київська,Ні,Ні,Ні,Ні,Так,Ні,Ні,Ні,,Київ,Ні,Ні,Ні,Ні,Ні,Ні,Побачила у Тредсі,Ні,Ні,Ні,Ні,Тредс,"Мета Повернення Михайла Федорова на посаду міністра оборони. Бо людина компетентна, з планом, візією і баченням. Особливо імпонує переведення закупівель на тендери. Бо корупція вбиває. А всі попередники - зовсім не компетентні.",Так,Безумовно так,Важко відповісти,Безумовно так,1 - Зовсім не довіряю,7 - Повністю довіряю,1 - Зовсім не довіряю,7 - Повністю довіряю,1 - Зовсім не довіряю,1 - Зовсім не довіряю,Михайло Федоров,Важко сказати,Не погоджуюсь,Важко сказати,Так
449,Так,10,2026-08-10 11:59:04,2026-08-10 12:05:36,Так,Так,Так,Жіноча,24,м. Київ,Ні,Ні,Ні,Ні,Так,Ні,Ні,Ні,,Київ,Ні,Так,Ні,Ні,Ні,Ні,Власна громадська позиція,Так,Ні,Так,Ні,,"Обурення не обґрунтованим та не пояснюваним діям влади, в тому числі кадрові перестановки",Так,Важко відповісти,Скоріше ні,Важко відповісти,4,6,2,6,2,6,Шмигаль,5,Не погоджуюсь,1,Так
450,Так,10,2026-08-10 12:04:30,2026-08-10 12:18:55,Так,Так,Так,Жіноча,23,Київська,Ні,Ні,Так,Ні,Так,Ні,Ні,Ні,,Київ,Ні,Ні,Так,Ні,Ні,Ні,"Ще до закликів в соц. мережах відчула обурення після відставки Федорова. Коли побачила, що люди виходять на акцію протесту, зрозуміла, що я повинна там бути і я повністю розділяю їх обурення",Ні,Так,Так,Ні,,"Протест - це волевиявлення народу. Зараз люди обурені не тільки цими дивними кадровими рішеннями, які нам, навіть, нормально не пояснили і не аргументували, а ще й відсутністю комунікації з боку держави. Ігнорувати людей - неприпустимо. Тому ми виходимо до тих пір, поки вимоги не будуть виконані, і першочергова вимога - повернення Михайла Федорова на посаду міністра оборони України.",Так,Безумовно так,Скоріше ні,Важко відповісти,2,7 - Повністю довіряю,1 - Зовсім не довіряю,6,2,3,"Федоров, Драпатий, Стерненко (був політичним діячем на посту радника)",5,Не погоджуюсь,0 - Зовсім неприйнятно,Ні
451,Так,10,2026-08-10 12:15:17,2026-08-10 12:28:11,Так,Так,Так,Чоловіча,24,м. Київ,Ні,Ні,Ні,Ні,Так,Ні,Ні,Ні,,Київ,Ні,Так,Так,Ні,Ні,Ні,,Ні,Так,Так,Ні,,"Спочатку, до брифінгу Федорова я протестував несправедливому рішенню президента. Звільняти ефективних та медійних, але залишати мясника головкома, який досі не відповів за розгортання своєї ""гвардії"" та усіх тих випадків, коли українські Воїни були відправлені на штурм, який не переслідував жодної цілі. За справедливість стояв спочатку, і продовжую за неї стояти після брифінгу, але вже з урахуванням того, що президент, ОП, ВР та інші це шайка крадіїв та мародерів що наживаються під час війни, і не чують народ. Змінимось або загинемо усі разом. Треба стратегія ведення війни, стратегія ведення перемовин, яка лише похідна від першої, чіткі плани, реформація війська, судова реформа, мобілізаційна та демобілізаційна реформи, інвестування довгострокових критичних проєктів (супутниковий зв'язок, балістика, РЕБ, перехоплювачі, роботизований штурм).",Так,Безумовно так,Скоріше ні,Скоріше так,1 - Зовсім не довіряю,6,3,6,1 - Зовсім не довіряю,4,"Федоров, Шмигаль, Корецький, Залужний",5,Зовсім не погоджуюсь,4,Так
452,Так,10,2026-08-10 12:26:39,2026-08-10 12:44:55,Так,Так,Так,Чоловіча,19,Київська,Ні,Ні,Так,Ні,Так,Ні,Ні,Ні,,Київ,Ні,Ні,Так,Ні,Ні,Ні,,Так,Так,Так,Ні,,"моя мета перебування на протесті полягає в тому, що я проти диких кадрових рішень влади, проти репресій військових, якими займався Сирський, проти ручного управління владою та за те, щоб кожен займався інституційними питаннями які прописані в законі, а не бо так вирішив керівник якогось відомства чи президент, також вийшов за те, щоб парламент мав субʼєктність, за повернення Михайла Федорова на посаду Міністра оборони України, щоб він продовжив реформи закупівель.",Так,Безумовно так,Безумовно так,Скоріше так,1 - Зовсім не довіряю,7 - Повністю довіряю,1 - Зовсім не довіряю,7 - Повністю довіряю,1 - Зовсім не довіряю,Важко сказати,"Федоров, хоч і не зовсім політичний, більше нікому",7,Зовсім не погоджуюсь,0 - Зовсім неприйнятно,Ні
453,Так,10,2026-08-10 12:30:24,2026-08-10 12:34:20,Так,Так,Так,Жіноча,31,м. Київ,Ні,Ні,Ні,Ні,Так,Ні,Ні,Ні,,Київ,Ні,Так,Так,Ні,Ні,Ні,,Так,Так,Ні,Так,,"Спонукати владу і, зокрема, президента Зеленського дослухатися до свого народу і не ігнорувати протести, а також не звільняти ефективних міністрів, які боряться в тому числі з корупцією.",Так,Безумовно так,Точно ні,Скоріше ні,1 - Зовсім не довіряю,7 - Повністю довіряю,2,7 - Повністю довіряю,1 - Зовсім не довіряю,1 - Зовсім не довіряю,"Михайло Федоров, Михайло Драпатий",5,Зовсім не погоджуюсь,0 - Зовсім неприйнятно,Так
454,Так,10,2026-08-10 12:38:08,2026-08-10 13:00:14,Так,Так,Так,Жіноча,31,м. Київ,Ні,Ні,Ні,Ні,Так,Ні,Ні,Ні,,Київ,Ні,Ні,Так,Так,Ні,Ні,,Так,Ні,Так,Ні,,"Основною метою в перший день мітингу було звернення до Верховної Ради про відмову голосування за нового міністра оборони та подання президентом повернення Федорова
Надалі до цієї мети додалося:
Вимога зміни Головнокомандувача ЗСУ
Заклик до Верховної Ради вийти на роботу та виконувати її доброчесно.
Наразі основною метою є вимога в комунікації президента з громадянами,пояснення причин кадрових рішень",Так,Скоріше так,Важко відповісти,Скоріше так,2,7 - Повністю довіряю,1 - Зовсім не довіряю,7 - Повністю довіряю,3,5,"Федоров,Буданов,Драпатий,Білецький,Кулеба( хоч і не обіймає держаної посади)",5,"Наскільки погоджуюсь, настільки і не погоджуюсь",5,Ні
455,Так,10,2026-08-10 12:38:13,2026-08-10 12:46:59,Так,Так,Так,Жіноча,36,м. Київ,Ні,Ні,Ні,Ні,Так,Ні,Ні,Ні,,Київ,Ні,Так,Так,Ні,Ні,Ні,,Ні,Так,Так,Ні,,Мета базова: повернення Федорова на посаду МО. Додаткова: відчути що мій голос має значення.,Так,Скоріше так,Скоріше ні,Скоріше ні,3,5,3,6,3,5,"Федоров, Білецький, Лозинський",4,"Наскільки погоджуюсь, настільки і не погоджуюсь",2,Ні
456,Так,10,2026-08-10 12:47:36,2026-08-10 12:54:57,Так,Так,Так,Жіноча,28,Одеська,Ні,Ні,Ні,Ні,Так,Ні,Ні,Ні,,Одеса,Ні,Ні,Ні,Ні,Ні,Ні,"Побачила новини в телеграм і тредс, вирішила доєднатися",Ні,Так,Ні,Ні,,"Першочергова мета була повернути ефективного міністра оборони на посаду, з якої він був звільнений без причин і пояснень. На даний час є повне невдоволення кадровими рішеннями влади і ігнорування народу.",Так,Безумовно так,Важко відповісти,Безумовно так,2,6,1 - Зовсім не довіряю,5,Важко сказати,Важко сказати,"Драпатий, Федоров",4,Не погоджуюсь,1,Ні
457,Так,10,2026-08-10 12:51:19,2026-08-10 12:54:37,Так,Так,Так,Жіноча,40,Київська,Ні,Ні,Ні,Ні,Так,Ні,Ні,Ні,,Київ,Ні,Ні,Ні,Ні,Ні,Ні,Прочитала новини,Так,Ні,Ні,Ні,,Почати міняти систему корумпованої та одноосібної влади,Так,Безумовно так,Безумовно так,Безумовно так,1 - Зовсім не довіряю,6,1 - Зовсім не довіряю,7 - Повністю довіряю,1 - Зовсім не довіряю,5,"Інна Совсун, Білецький, Федоров, Драпатий",5,Зовсім не погоджуюсь,0 - Зовсім неприйнятно,Так
458,Так,10,2026-08-10 13:01:26,2026-08-10 13:05:20,Так,Так,Так,Жіноча,23,м. Київ,Ні,Ні,Ні,Ні,Так,Ні,Ні,Ні,,Київ,Ні,Ні,Так,Ні,Ні,Ні,,Ні,Ні,Так,Ні,,"Висловити громадянську позицію, щоб суспільство почули та повернули Федорова на посаду міністра МОУ",Так,Безумовно так,Скоріше так,Скоріше так,1 - Зовсім не довіряю,7 - Повністю довіряю,1 - Зовсім не довіряю,7 - Повністю довіряю,Важко сказати,5,"Федоров, Буданов, Кулеба, Корецький",4,Зовсім не погоджуюсь,2,Ні
459,Так,10,2026-08-10 13:01:47,2026-08-10 13:11:06,Так,Так,Так,Чоловіча,24,м. Київ,Ні,Ні,Ні,Ні,Так,Ні,Ні,Ні,,Київ,Ні,Так,Ні,Ні,Ні,Ні,,Ні,Так,Так,Ні,,Бажання щоб влада вела діалог з народом. Незрозуміла кадрова політика,Так,Безумовно так,Точно ні,Важко відповісти,3,6,1 - Зовсім не довіряю,7 - Повністю довіряю,2,6,"Федоров, Лозинський",4,Не погоджуюсь,0 - Зовсім неприйнятно,Ні
460,Так,10,2026-08-10 13:12:04,2026-08-10 13:24:40,Так,Так,Так,Жіноча,28,м. Київ,Ні,Ні,Ні,Ні,Так,Ні,Ні,Ні,,Київ,Ні,Ні,Так,Ні,Ні,Ні,"Бажання вийти на протест виникло від новин про кадрові зміни, а не від закликів інших",Ні,Ні,Ні,Ні,Threads,"Я виходжу на протест, бо хочу жити в країні, де влада підзвітна людям, а не навпаки. Бо хочу захистити демократичні принципи. Бо хочу, щоб важливі рішення для країни приймали ефективні та професійні люди, а не лояльні до президента, які замішані у корупційних скандалах. Бо корупція, яка у міністерстві оборони, і яку намагаються захистити кадровими рішеннями, вбиває наших громадян і не веде нас до перемоги. Мені та моїм дітям жити в цій країні, і мені не байдуже",Так,Безумовно так,Важко відповісти,Безумовно так,1 - Зовсім не довіряю,6,2,5,1 - Зовсім не довіряю,3,"Федоров, Гудименко, Притула, Железняк, Совсун, Юрчишин",7,Зовсім не погоджуюсь,0 - Зовсім неприйнятно,Так
461,Так,10,2026-08-10 13:23:30,2026-08-10 13:27:44,Так,Так,Так,Жіноча,21,Київська,Ні,Ні,Ні,Ні,Ні,Ні,Так,Ні,,Київ,Ні,Ні,Ні,Ні,Ні,Ні,За власним бажанням,Ні,Так,Ні,Ні,,"Повернення Федорова до МО, бо він зробив дуже багато для фронту і це дуже важливо для України і для окупованих територій.",Так,Важко відповісти,Безумовно так,Безумовно так,4,7 - Повністю довіряю,1 - Зовсім не довіряю,7 - Повністю довіряю,"Не знаю, хто це",Важко сказати,ФЕДОРОВ!,5,"Наскільки погоджуюсь, настільки і не погоджуюсь",10 - Цілком прийнятно,Ні
462,Так,10,2026-08-10 13:25:48,2026-08-10 13:48:47,Так,Так,Так,Жіноча,27,Київська,Ні,Ні,Ні,Ні,Так,Ні,Ні,Ні,,Київ,Ні,Ні,Так,Ні,Ні,Ні,,Ні,Так,Ні,Ні,Тредс,"Нагадати чинному уряду про те, які обов’язки вони мають виконувати 
Для мене, перш за все, тригером стала не сама відставка Федорова як МО, а загальні безпринципність, погана робоча результативність та безкарність до злочинів поточних депутатів Ради, партії при владі та місцевого самоврядування. Цей безлад на всіх рівнях влади вже неможливо терпіти і як небайдужа громадянка, вважаю недоторканим своє громадянське право відстоювати зміни на краще в країні, інакше при ми ніколи не вступимо в ЄС!",Ні,Скоріше так,Скоріше так,Скоріше так,1 - Зовсім не довіряю,6,1 - Зовсім не довіряю,5,Важко сказати,2,"Железняк,громадський діяч Стерненко, Залужний, Олег Ляшко, Кулеба",8,Не погоджуюсь,6,Ні
463,Так,10,2026-08-10 13:25:50,2026-08-10 13:30:44,Так,Так,Так,Жіноча,35,м. Київ,Ні,Ні,Ні,Ні,Так,Ні,Ні,Ні,,Київ,Ні,Ні,Так,Ні,Ні,Ні,,Так,Ні,Ні,Ні,,"Діалог влади і суспільства, завдання влади на думку суспільства",Так,Безумовно так,Скоріше ні,Важко відповісти,1 - Зовсім не довіряю,6,1 - Зовсім не довіряю,5,1 - Зовсім не довіряю,Важко сказати,"Федоров, Драпатий",5,Важко сказати,0 - Зовсім неприйнятно,Так
464,Так,10,2026-08-10 13:26:25,2026-08-10 13:55:00,Так,Так,Так,Чоловіча,38,Київська,Ні,Ні,Ні,Ні,Так,Ні,Ні,Ні,,Київ,Ні,Ні,Ні,Ні,Ні,Ні,Я слідкую за новинами. Коли стало зрозуміло що пан Президент не збирається внести кандидатуру Михайла Федорова на посаду МОУ став писати заклики в фб виходити на протест.,Ні,Ні,Ні,Ні,На самих протестах,Моя мета донести до пана Президента загальнонаціональну волю українського народу яка полягає в забезпеченні належної боротьби з корупцією в МО,Так,Безумовно так,Точно ні,Безумовно так,1 - Зовсім не довіряю,7 - Повністю довіряю,1 - Зовсім не довіряю,7 - Повністю довіряю,1 - Зовсім не довіряю,4,В'ячеславу Чороноволу,Важко сказати,Зовсім не погоджуюсь,0 - Зовсім неприйнятно,Так
465,Так,10,2026-08-10 13:33:58,2026-08-10 13:37:41,Так,Так,Так,Жіноча,26,м. Київ,Ні,Ні,Ні,Ні,Так,Ні,Ні,Ні,,Київ,Ні,Ні,Так,Ні,Ні,Ні,,Так,Ні,Ні,Ні,,"Повернення колишнього МО Федорова на посаду, відкритий діалог з народом і справедливі призначення",Так,Скоріше так,Важко відповісти,Важко відповісти,1 - Зовсім не довіряю,7 - Повністю довіряю,1 - Зовсім не довіряю,7 - Повністю довіряю,3,Важко сказати,Федоров,3,Зовсім не погоджуюсь,0 - Зовсім неприйнятно,Ні
466,Так,10,2026-08-10 13:34:09,2026-08-10 13:38:53,Так,Так,Так,Жіноча,19,м. Київ,Ні,Ні,Так,Ні,Ні,Ні,Ні,Ні,,Київ,Ні,Ні,Ні,Ні,Ні,Ні,Проаналізувала новини,Ні,Ні,Ні,Ні,Тредс!,"Повернути ефективного міністра оборони, який дійсно багато чого зробив.",Так,Безумовно так,Важко відповісти,Важко відповісти,2,7 - Повністю довіряю,1 - Зовсім не довіряю,7 - Повністю довіряю,1 - Зовсім не довіряю,3,"Федоров, Драпатий, Залужний",5,Зовсім не погоджуюсь,Важко сказати,Так
467,Так,10,2026-08-10 13:43:36,2026-08-10 13:59:36,Так,Так,Так,Жіноча,33,Чернігівська,Ні,Ні,Ні,Ні,Так,Ні,Ні,Ні,,"Чернігів , Київ",Ні,Ні,Ні,Ні,Ні,Ні,"Побачила пости людей (не блогерів), які збираються на площах міст о 09.01.",Ні,Так,Ні,Ні,,"Показати, що спільнота не «хаває» будь-які рішення влади. Особисто я покладала надії на зміни в системі компетенції міністерства оборони.",Так,Скоріше так,Скоріше ні,Скоріше ні,4,5,4,6,3,6,"Ярослав Железняк, Андрій Білецький, Роман Грищук",7,"Наскільки погоджуюсь, настільки і не погоджуюсь",0 - Зовсім неприйнятно,Ні
468,Так,10,2026-08-10 13:45:26,2026-08-10 13:51:49,Так,Так,Так,Жіноча,30,м. Київ,Ні,Ні,Ні,Ні,Так,Ні,Ні,Ні,,"Львів, Київ",Ні,Ні,Так,Ні,Ні,Ні,,Ні,Так,Так,Ні,,"Я щиро вважаю що це рішення неправильне і може нашкодити Україні. Вийти і сказати що я не згодна - це мінімум який я можу зробити, адже якщо ми будемо мовчати то звідки влада дізнається що люди не погоджуються з її рішенням.",Так,Скоріше так,Скоріше ні,Скоріше так,3,6,2,7 - Повністю довіряю,2,4,"Зараз найбільше довіри у мене до Федорова. А вцілому майже нікому, як на мене найбільш нагальне питання після закінчення війни - вибори",3,Зовсім не погоджуюсь,0 - Зовсім неприйнятно,Ні
469,Так,10,2026-08-10 13:57:30,2026-08-10 14:01:08,Так,Так,Так,Жіноча,21,Чернівецька,Ні,Ні,Ні,Ні,Так,Ні,Ні,Ні,,Чернівці,Ні,Так,Так,Ні,Ні,Ні,,Ні,Так,Так,Ні,,Повернення демократії в країні,Так,Скоріше так,Важко відповісти,Скоріше так,1 - Зовсім не довіряю,7 - Повністю довіряю,1 - Зовсім не довіряю,7 - Повністю довіряю,1 - Зовсім не довіряю,"Не знаю, хто це",Федоров,Важко сказати,Зовсім не погоджуюсь,Важко сказати,Ні
470,Так,10,2026-08-10 13:59:53,2026-08-10 14:04:22,Так,Так,Так,Жіноча,33,м. Київ,Ні,Ні,Ні,Ні,Так,Ні,Ні,Ні,,Київ,Ні,Так,Так,Ні,Ні,Ні,,Так,Ні,Так,Ні,,"Діалог з владою
Федорова- МО",Так,Безумовно так,Скоріше так,Безумовно так,3,7 - Повністю довіряю,1 - Зовсім не довіряю,6,Важко сказати,5,"Совсун, Федоров",1,Зовсім не погоджуюсь,0 - Зовсім неприйнятно,Ні
471,Так,10,2026-08-10 14:26:54,2026-08-10 14:36:22,Так,Так,Так,Жіноча,27,Київська,Ні,Ні,Ні,Ні,Так,Ні,Ні,Ні,,Київ,Ні,Ні,Так,Ні,Ні,Ні,,Так,Ні,Так,Ні,,"Дотримання вимог народу: комунікація з суспільством, кадрові рішення на основі ефективності і результату, демократія",Так,Безумовно так,Скоріше так,Важко відповісти,2,7 - Повністю довіряю,1 - Зовсім не довіряю,7 - Повністю довіряю,1 - Зовсім не довіряю,Важко сказати,"Драпатий, Федоров",Важко сказати,Не погоджуюсь,0 - Зовсім неприйнятно,Так
472,Ні,5,2026-08-10 14:32:31,2026-08-10 14:34:01,Так,Так,Так,Жіноча,38,Черкаська,Ні,Ні,Ні,Ні,Так,Ні,Ні,Ні,,Київ,Ні,Так,Ні,Ні,Ні,Ні,,Так,Ні,Ні,Ні,,,,,,,,,,,,,,,,,
473,Так,10,2026-08-10 14:32:33,2026-08-10 14:38:37,Так,Так,Так,Чоловіча,24,Київська,Ні,Ні,Ні,Ні,Так,Ні,Ні,Ні,,Київ,Ні,Ні,Так,Ні,Ні,Ні,"Побачив, що влада творить хуйню, побачив кілька дописів у тредс, що виходимо на мітинг і вийшли в перший же ранок з друзями",Ні,Так,Ні,Ні,,"Хочу, щоб влада прокумунікувала свої дії та рішення. Хочу, щоб влада повернула Федорова на посаду МО",Так,Безумовно так,Точно ні,Скоріше так,3,7 - Повністю довіряю,1 - Зовсім не довіряю,7 - Повністю довіряю,"Не знаю, хто це","Не знаю, хто це",Федорову,8,Зовсім не погоджуюсь,9,Так
474,Так,10,2026-08-10 14:53:23,2026-08-10 14:59:20,Так,Так,Так,Інше,30,м. Київ,Ні,Ні,Ні,Ні,Так,Ні,Ні,Ні,,Київ,Ні,Так,Ні,Ні,Ні,Так,,Ні,Так,Ні,Ні,,"Раніше не приймали участь в інших протестах думаючи що там достатньо людей для того, щоб примусити владу дослухатися. Цього разу стало очевидно що влада хронічно не дослухається і бути почутим з дивану неможливо. Моя мета - показати, що за постійний ігнор побажань спільноти на протестах з'являтимуться нові обличчя",Так,Безумовно так,Скоріше так,Скоріше так,4,6,2,5,Важко сказати,5,"Совсун, Федоров, Стерненко, Зеленський",Важко сказати,"Наскільки погоджуюсь, настільки і не погоджуюсь",5,Ні
475,Так,10,2026-08-10 14:53:58,2026-08-10 14:57:56,Так,Так,Так,Жіноча,22,м. Київ,Ні,Ні,Ні,Ні,Так,Ні,Ні,Ні,,Київ,Так,Ні,Ні,Ні,Ні,Ні,,Ні,Ні,Ні,Так,,Справедливість,Так,Важко відповісти,Скоріше ні,Важко відповісти,1 - Зовсім не довіряю,5,Важко сказати,"Не знаю, хто це","Не знаю, хто це","Не знаю, хто це",,5,Зовсім не погоджуюсь,10 - Цілком прийнятно,Ні
476,Так,10,2026-08-10 15:00:32,2026-08-10 15:10:25,Так,Так,Так,Жіноча,33,Київська,Ні,Ні,Ні,Ні,Так,Ні,Ні,Ні,,"Одеса, Київ",Ні,Ні,Ні,Ні,Ні,Ні,Прочитавши новини відчула необхідність вийти та закликати й організувати виходити своїх друзів.,Ні,Так,Ні,Ні,Є логічні і вже звичні місця де проходять звбрання. В мене навіть не було питання куди саме аиходити.,Повернути владу в правильне русло розвитку та збереження країни.,Так,Безумовно так,Скоріше так,Скоріше так,3,6,2,6,1 - Зовсім не довіряю,4,Після розпуску кабміну і призначення Умерова і Клименка на їх нинішні посади довіра залишилась виключно до Федорова.,5,Зовсім не погоджуюсь,0 - Зовсім неприйнятно,Так
477,Так,10,2026-08-10 15:03:16,2026-08-10 15:11:54,Так,Так,Так,Жіноча,28,Київська,Ні,Ні,Ні,Ні,Так,Ні,Ні,Ні,,Київ,Ні,Так,Так,Ні,Ні,Ні,,Ні,Так,Ні,Так,,"Якщо саме мета, а не вимоги, то мета – волевиявлення. Якщо я прийму участь, і вимоги виконають, то чудово. Якщо не виконають, я хоча б спробувала долучитись. А якщо моя участь могла посприяти, а я не доєдналась, то це найгірший сценарій. Тому мета в першу чергу волевиявлення",Так,Важко відповісти,Важко відповісти,Скоріше ні,3,5,2,5,Важко сказати,Важко сказати,"Федоров, Совсун",Важко сказати,Зовсім не погоджуюсь,2,Так
478,Ні,8,2026-08-10 15:07:05,2026-08-10 15:17:49,Так,Так,Так,Жіноча,58,м. Київ,Ні,Ні,Ні,Ні,Так,Ні,Ні,Ні,,Київ,Ні,Ні,Так,Ні,Ні,Ні,"Бо голос народу повинен бути почутим, бо народ обирає владу, бо корупція зашкалює, бо з такими правлінням війна не закінчиться перемогою",Ні,Ні,Ні,Ні,Тредс,"Ми не можемо під час війни провести вибори, але ми можемо впливати на владу, бо президент  не повинен бути царем чи диктатором. Час нагадати що ми парламентсько президентська країна",Так,Скоріше так,Скоріше ні,Безумовно так,1 - Зовсім не довіряю,Важко сказати,1 - Зовсім не довіряю,5,1 - Зовсім не довіряю,Важко сказати,Залужний,,Зовсім не погоджуюсь,0 - Зовсім неприйнятно,
479,Так,10,2026-08-10 15:07:31,2026-08-10 15:14:57,Так,Так,Так,Жіноча,42,м. Київ,Ні,Ні,Ні,Ні,Так,Ні,Ні,Ні,,Київ,Ні,Ні,Ні,Ні,Ні,Ні,Мене вивело моє обурення,Ні,Так,Ні,Ні,,Мета відновити Федорова на посаді,Так,Безумовно так,Скоріше ні,Скоріше так,4,6,3,7 - Повністю довіряю,6,5,Ці люди поки що військові а не політичні діячі,5,Зовсім не погоджуюсь,0 - Зовсім неприйнятно,Ні
480,Так,10,2026-08-10 15:29:08,2026-08-10 15:34:20,Так,Так,Так,Жіноча,27,м. Київ,Ні,Ні,Ні,Ні,Так,Так,Ні,Ні,,Київ,Ні,Так,Ні,Ні,Ні,Так,,Ні,Так,Так,Ні,,Повернення Федорова на посаду МО,Так,Важко відповісти,Точно ні,Скоріше так,4,6,1 - Зовсім не довіряю,6,1 - Зовсім не довіряю,1 - Зовсім не довіряю,"Федоров, Разумков",Важко сказати,Не погоджуюсь,0 - Зовсім неприйнятно,Так
481,Ні,8,2026-08-10 15:51:15,2026-08-10 15:56:43,Так,Так,Так,Жіноча,20,м. Київ,Ні,Ні,Так,Ні,Так,Ні,Ні,Ні,,київ,Ні,Ні,Так,Ні,Ні,Ні,,Так,Ні,Ні,Ні,,зробити внесок в майбутнє країни в якій планую проживати,Так,Скоріше так,Скоріше ні,Важко відповісти,2,6,1 - Зовсім не довіряю,5,2,5,,,,,
482,Так,10,2026-08-10 16:37:13,2026-08-10 18:00:24,Так,Так,Так,Чоловіча,28,м. Київ,Ні,Ні,Ні,Ні,Так,Ні,Ні,Ні,,Київ,Ні,Ні,Так,Ні,Ні,Ні,,Ні,Так,Так,Ні,,"Хочу домогтися від влади, а саме теперішнього президента України послідовних і чітких відповідей на питання:
1. Чому Федорова не повернули на посаду, а поставили Т.В.О. Хмару? Бо для загалу Федоров справлявся досить добре на тій посаді, на якій чомусь довго не затримуються.
2. Чому коли наближені до президента Міндіч, Єрмак, Умєров отримують підозри чи фігурують в  антикорупційних розслідуваннях, президент не спілкується з громадянами своєї країни на цю тему, не пояюснює для роздратованих і втомлених війною людей: чому це сталось з такою кількістю саме його колишніх колег і знайомих.
Коротко кажучи, при дуже незрозумілих рішеннях президента він не намагається комунікувати з громадяними, забуваючи певно, що саме ми, громадяни, повинні перемогти в цій війні.",Так,Безумовно так,Скоріше ні,Важко відповісти,2,6,1 - Зовсім не довіряю,6,1 - Зовсім не довіряю,3,Ярослав Залізняк,4,Зовсім не погоджуюсь,0 - Зовсім неприйнятно,Ні
483,Так,10,2026-08-10 17:03:54,2026-08-10 17:11:52,Так,Так,Так,Чоловіча,23,м. Київ,Ні,Ні,Ні,Ні,Так,Ні,Ні,Ні,Служу але не в зсу (дфтг ппо),Київ,Ні,Ні,Так,Ні,Ні,Ні,,Так,Ні,Так,Ні,,"Добитись виконання вимог, продемонструвати свою громадянську позицію і закликати інших також виходити",Так,Безумовно так,Скоріше ні,Скоріше так,3,7 - Повністю довіряю,1 - Зовсім не довіряю,7 - Повністю довіряю,Важко сказати,7 - Повністю довіряю,Федоров,6,Не погоджуюсь,0 - Зовсім неприйнятно,Ні
484,Так,10,2026-08-10 17:16:02,2026-08-10 17:34:22,Так,Так,Так,Жіноча,18,Київська,Ні,Ні,Так,Ні,Ні,Ні,Ні,Ні,,Київ,Ні,Ні,Так,Ні,Ні,Ні,,Ні,Так,Так,Ні,,Висування президентом кандидатури Михайла Федорова на посаду міністра оборони,Так,Безумовно так,Точно ні,Точно ні,1 - Зовсім не довіряю,6,2,7 - Повністю довіряю,2,5,"Совсун, Федоров",Важко сказати,Зовсім не погоджуюсь,0 - Зовсім неприйнятно,Ні
485,Так,10,2026-08-10 17:40:03,2026-08-10 17:45:53,Так,Так,Так,Чоловіча,19,м. Київ,Ні,Ні,Ні,Ні,Так,Ні,Ні,Ні,,Київ,Ні,Ні,Так,Ні,Ні,Ні,,Так,Ні,Ні,Ні,,"Діалог з суспільством, прозора кадрова політика. Протест проти ручного керування країною та розкраданні коштів",Так,Безумовно так,Скоріше ні,Скоріше так,2,6,2,6,4,4,"Стерненко, Ткач",6,Не погоджуюсь,2,Ні
486,Так,10,2026-08-10 17:41:49,2026-08-10 17:59:41,Так,Так,Так,Жіноча,34,м. Київ,Ні,Ні,Ні,Ні,Так,Ні,Ні,Ні,,Київ,Ні,Ні,Так,Ні,Ні,Ні,Факт відсутності подання президентом України кандидатури Федорова на посаду міністра оборони України.,Так,Так,Так,Ні,,"Привернути увагу політичних діячів до необхідності покращення діалогу з громадськістю та суспільства до проблематики.
Спонукати президента України та верховну раду України обрати Федорова міністром оборони України.
Нагадати про смертоносність корупції.",Так,Безумовно так,Важко відповісти,Важко відповісти,3,7 - Повністю довіряю,1 - Зовсім не довіряю,7 - Повністю довіряю,2,6,"Федоров, Драпатий",Важко сказати,Зовсім не погоджуюсь,0 - Зовсім неприйнятно,Ні
487,Ні,7,2026-08-10 18:07:48,2026-08-10 18:12:26,Так,Так,Так,Жіноча,24,м. Київ,Ні,Ні,Ні,Ні,Так,Ні,Ні,Ні,,Київ,Ні,Так,Ні,Ні,Ні,Так,,Так,Ні,Ні,Так,,"Насамперед, виконання головної вимоги, а саме повернення Михайла Федорова на посаду Міністра оборони",Так,Безумовно так,Скоріше ні,Важко відповісти,,,,,,,,,,,
488,Так,10,2026-08-10 18:27:22,2026-08-10 18:33:31,Так,Так,Так,Жіноча,24,м. Київ,Ні,Ні,Ні,Ні,Так,Ні,Ні,Ні,,Київ,Ні,Ні,Так,Ні,Ні,Ні,Найбільшою мотивацією було обурення щодо швидкої і безпідставної відставки Федорова. Я б вийшла і без організаторських постів,Ні,Так,Ні,Ні,,Висловити обурення і незгоду з рішеннями президента та способом його комунікації з народом (її відсутність),Так,Безумовно так,Скоріше так,Скоріше так,2,6,1 - Зовсім не довіряю,5,4,5,Майже нікому. Але Федоров і його команда заслуговують більше довіри,4,Не погоджуюсь,3,Так
489,Так,10,2026-08-10 19:08:25,2026-08-10 19:19:33,Так,Так,Так,Жіноча,19,Київська,Ні,Ні,Так,Ні,Ні,Ні,Ні,Ні,,Київ,Ні,Ні,Так,Ні,Ні,Ні,,Ні,Так,Ні,Ні,,Щоб нас нарешті почули,Так,Скоріше ні,Скоріше ні,Скоріше так,1 - Зовсім не довіряю,7 - Повністю довіряю,1 - Зовсім не довіряю,6,"Не знаю, хто це",4,"Нікому скоріше, якщо політичним конкретно",Важко сказати,Зовсім не погоджуюсь,5,Ні
490,Ні,5,2026-08-10 19:14:12,2026-08-10 19:22:31,Так,Так,Так,Жіноча,18,м. Київ,Ні,Ні,Так,Ні,Ні,Ні,Ні,Ні,,"Київ, Львів",Ні,Ні,Так,Так,Ні,Ні,,Ні,Так,Ні,Ні,,,,,,,,,,,,,,,,,
491,Так,10,2026-08-10 20:04:53,2026-08-10 20:09:25,Так,Так,Так,Чоловіча,21,Волинська,Ні,Ні,Так,Ні,Ні,Ні,Ні,Ні,,"Київ, Луцьк",Ні,Так,Ні,Ні,Ні,Ні,,Ні,Ні,Так,Ні,,"Продовження реформ, зменшення корупції",Так,Безумовно так,Точно ні,Безумовно так,1 - Зовсім не довіряю,6,1 - Зовсім не довіряю,7 - Повністю довіряю,1 - Зовсім не довіряю,6,Федоров,4,Зовсім не погоджуюсь,0 - Зовсім неприйнятно,Ні
492,Так,10,2026-08-10 20:06:39,2026-08-10 20:19:53,Так,Так,Так,Чоловіча,34,Київська,Ні,Ні,Ні,Ні,Так,Ні,Ні,Ні,,Київ,Ні,Ні,Так,Ні,Ні,Ні,,Так,Ні,Ні,Ні,,"Проявити небайдужість щоб байдужі теж прокинулись і ""влада"" дійсно почала",Так,Безумовно так,Скоріше ні,Скоріше так,4,6,2,6,"Не знаю, хто це","Не знаю, хто це",,3,Зовсім не погоджуюсь,0 - Зовсім неприйнятно,Ні
493,Ні,6,2026-08-10 20:29:27,2026-08-10 20:32:10,Так,Так,Так,Жіноча,23,Київська,Ні,Ні,Ні,Ні,Так,Ні,Ні,Ні,,Київ,Так,Так,Ні,Ні,Ні,Ні,,Так,Так,Ні,Так,,"Підтримати протест за призначення Федорова, за звільнення Сирського",,,,,,,,,,,,,,,
494,Так,10,2026-08-10 20:30:17,2026-08-10 20:34:24,Так,Так,Так,Чоловіча,47,м. Київ,Ні,Ні,Ні,Ні,Так,Ні,Ні,Ні,,Киев,Ні,Так,Ні,Так,Ні,Ні,,Так,Ні,Ні,Ні,,Політичні зміни,Так,Скоріше так,Скоріше так,Скоріше так,1 - Зовсім не довіряю,6,1 - Зовсім не довіряю,7 - Повністю довіряю,2,5,"Порошенко, Залужний, Федоров, Драпатий",7,Зовсім не погоджуюсь,0 - Зовсім неприйнятно,Ні
495,Так,10,2026-08-10 20:30:43,2026-08-10 20:35:44,Так,Так,Так,Чоловіча,27,м. Київ,Ні,Ні,Ні,Ні,Так,Ні,Ні,Ні,,Київ,Так,Ні,Так,Ні,Ні,Ні,,Так,Ні,Так,Так,,Зупинити свавілля влади. Закон для всіх один. Все має бути по закону. ТА ЯКІ ДО БІСА КАНІКУЛИ?!,Так,Безумовно так,Скоріше так,Скоріше так,4,5,1 - Зовсім не довіряю,6,2,3,"Жодному. Просто одні меньше біди роблять, інші більше.",6,Зовсім не погоджуюсь,0 - Зовсім неприйнятно,Ні
496,Так,10,2026-08-10 20:31:26,2026-08-10 20:39:03,Так,Так,Так,Жіноча,30,м. Київ,Ні,Ні,Ні,Ні,Так,Ні,Ні,Ні,,Київ,Ні,Ні,Ні,Так,Ні,Так,,Ні,Так,Ні,Ні,,"Початково за повернення Федорова, зараз за проведення діалогу",Так,Безумовно так,Важко відповісти,Скоріше ні,2,6,1 - Зовсім не довіряю,6,4,4,Зараз важко сказати,6,Не погоджуюсь,0 - Зовсім неприйнятно,Ні
497,Так,10,2026-08-10 21:15:52,2026-08-10 21:18:59,Так,Так,Так,Жіноча,49,Київська,Ні,Ні,Ні,Ні,Так,Ні,Ні,Ні,,Київ,Ні,Ні,Так,Ні,Ні,Ні,,Так,Ні,Ні,Ні,,Висловити громадянську позицію,Так,Безумовно так,Безумовно так,Безумовно так,1 - Зовсім не довіряю,2,1 - Зовсім не довіряю,5,1 - Зовсім не довіряю,2,"Порошенко, Гончаренко, взагалі партія ЄС",5,Зовсім не погоджуюсь,0 - Зовсім неприйнятно,Так
498,Так,10,2026-08-10 21:30:33,2026-08-10 21:38:19,Так,Так,Так,Жіноча,21,м. Київ,Ні,Ні,Ні,Ні,Ні,Ні,Ні,Так,,Київ,Ні,Ні,Так,Ні,Ні,Ні,,Так,Так,Ні,Ні,,Підтримати однодумців та зробити протест більш видимим. Добитись комунікації від влади про ними прийняті рішення,Так,Безумовно так,Скоріше так,Скоріше так,2,7 - Повністю довіряю,1 - Зовсім не довіряю,6,2,4,"Федоров, Драпатий",3,Зовсім не погоджуюсь,0 - Зовсім неприйнятно,Ні
499,Так,10,2026-08-10 21:36:42,2026-08-10 21:40:57,Так,Так,Так,Чоловіча,22,м. Київ,Ні,Ні,Ні,Ні,Так,Ні,Ні,Ні,,Київ,Ні,Так,Ні,Ні,Ні,Ні,,Так,Ні,Ні,Ні,,Слуга народа це народ,Так,Безумовно так,Точно ні,Безумовно так,1 - Зовсім не довіряю,7 - Повністю довіряю,1 - Зовсім не довіряю,6,1 - Зовсім не довіряю,1 - Зовсім не довіряю,Нікого,7,Не погоджуюсь,0 - Зовсім неприйнятно,Так
500,Так,10,2026-08-10 22:50:32,2026-08-10 22:56:01,Так,Так,Так,Жіноча,21,м. Київ,Ні,Ні,Ні,Ні,Так,Ні,Ні,Ні,,Київ,Ні,Ні,Так,Ні,Ні,Ні,,Так,Ні,Так,Ні,,"Мені особливо боляче дивитися, коли у часі війни у нас змінюють справді ефективних людей. Бо замість того, щоб робити все ДЛЯ Перемоги і відновлення справедливості, влада оточує себе хабарниками, проросійськими агентами та корупціонерами. Окрім цього, мене не влаштовує, що у моїй країні почалась «лагідна диктатура».",Так,Скоріше так,Скоріше так,Скоріше так,1 - Зовсім не довіряю,7 - Повністю довіряю,1 - Зовсім не довіряю,7 - Повністю довіряю,4,6,"Федоров, Залужний, Драпатий",8,Зовсім не погоджуюсь,0 - Зовсім неприйнятно,Ні
501,Так,10,2026-08-10 23:01:47,2026-08-10 23:08:12,Так,Так,Так,Чоловіча,22,Чернівецька,Ні,Ні,Ні,Ні,Так,Ні,Ні,Ні,,Чернівці,Так,Ні,Ні,Ні,Ні,Ні,"По прикладу минулого року відчув, що «пора» вийти, як тільки побачив новину про звільнення Федорова",Так,Ні,Так,Ні,,"Висловлення своєї незгоди з рішенням президента; ходжу в підтримку Федорова; щоб доносити інформацію про стан в країні тій верстві суспільства, котра не слідкує за новинами",Так,Безумовно так,Точно ні,Скоріше ні,2,6,1 - Зовсім не довіряю,6,2,4,"Федоров, Драпатий",5,Не погоджуюсь,5,Так
502,Так,10,2026-08-10 23:10:24,2026-08-10 23:16:43,Так,Так,Так,Чоловіча,30,Одеська,Ні,Ні,Ні,Ні,Так,Ні,Ні,Ні,,Одеса,Ні,Так,Ні,Ні,Ні,Ні,,Ні,Так,Ні,Ні,,Відповідальність,Так,Точно ні,Точно ні,Точно ні,3,5,2,4,"Не знаю, хто це",Важко сказати,"Федорів, Свіріденко",4,Зовсім не погоджуюсь,0 - Зовсім неприйнятно,Ні
503,Так,10,2026-08-11 00:33:55,2026-08-11 00:41:15,Так,Так,Так,Жіноча,32,м. Київ,Ні,Ні,Ні,Ні,Так,Ні,Ні,Ні,,Київ,Ні,Ні,Ні,Ні,Ні,Ні,"Те що мене покликали не є причиною)) це типу питання з заковикою?) політична ситуація посприяла мене вийти. Якби не заклики то я це зробила би на три дні пізніше, коли б прочитала новини після робочих змін",Ні,Ні,Ні,Ні,"Якщо стоять більше трьох днів, значить будуть стояти до результату. Я просто знаю що там завжди хтось є, а якщо нема, то прийду я і там вже буду я",Мирне врегулювання наслідків дій групи довбойобів,Так,Безумовно так,Скоріше ні,Важко відповісти,2,6,1 - Зовсім не довіряю,5,Важко сказати,Важко сказати,Чорноволу,5,Зовсім не погоджуюсь,0 - Зовсім неприйнятно,Так
504,Так,10,2026-08-11 08:22:07,2026-08-11 08:32:00,Так,Так,Так,Жіноча,28,Київська,Ні,Ні,Ні,Ні,Так,Ні,Ні,Ні,,Київ,Ні,Так,Ні,Ні,Ні,Ні,Відставка Федорова,Ні,Ні,Так,Так,,"Щоб почули нас, нашу волю та наше обурення з приводу прийнятих не правильних рішень, які можуть призвести до ускладнення нашої обороноздатності",Так,Безумовно так,Важко відповісти,Важко відповісти,3,6,2,7 - Повністю довіряю,Важко сказати,Важко сказати,"Буданов, Федоров, Стерненко",Важко сказати,Не погоджуюсь,0 - Зовсім неприйнятно,Ні
505,Так,10,2026-08-11 08:34:19,2026-08-11 08:42:29,Так,Так,Так,Жіноча,28,м. Київ,Ні,Ні,Ні,Ні,Так,Ні,Ні,Ні,,Київ,Ні,Ні,Так,Ні,Ні,Ні,,Так,Ні,Так,Ні,,Стою заради збереження демократії в Україні й проти необґоунтованих рішень влади у сфері оборони.,Так,Безумовно так,Важко відповісти,Безумовно так,2,5,1 - Зовсім не довіряю,5,1 - Зовсім не довіряю,Важко сказати,"Сергій Стерненко, Тарас Чмут, Яна Зінкевич, Інна Совсун.",5,Зовсім не погоджуюсь,0 - Зовсім неприйнятно,Так
506,Так,10,2026-08-11 11:47:18,2026-08-11 11:55:03,Так,Так,Так,Чоловіча,32,м. Київ,Ні,Ні,Ні,Ні,Так,Ні,Ні,Ні,,Київ,Ні,Так,Ні,Ні,Ні,Ні,,Ні,Так,Ні,Ні,,"отримати від влади змістовний діалог та почути про причини звільнення міністра оборони;
вимога повернути ефективного міністра назад у міністерство оборони",Так,Безумовно так,Скоріше ні,Скоріше так,3,7 - Повністю довіряю,1 - Зовсім не довіряю,7 - Повністю довіряю,3,5,див попередні відповіді,6,Зовсім не погоджуюсь,0 - Зовсім неприйнятно,Так
507,Так,10,2026-08-11 12:27:25,2026-08-11 12:32:54,Так,Так,Так,Чоловіча,23,м. Київ,Ні,Ні,Ні,Ні,Так,Ні,Ні,Ні,,Київ,Ні,Ні,Так,Так,Ні,Ні,,Так,Так,Ні,Ні,,"Донести президенту, що суспільство невдоволене такою хаотичною та відверто шкідливою кадровою політикою",Так,Скоріше так,Скоріше так,Безумовно так,2,7 - Повністю довіряю,2,7 - Повністю довіряю,5,6,"Буданов, Федоров",7,Не погоджуюсь,0 - Зовсім неприйнятно,Так
508,Так,10,2026-08-11 14:16:48,2026-08-11 14:21:16,Так,Так,Так,Жіноча,43,Чернівецька,Ні,Ні,Ні,Ні,Так,Ні,Ні,Ні,,Чернівці,Ні,Ні,Ні,Ні,Так,Ні,,Ні,Так,Ні,Ні,,Виявлення власної громадської позиції,Так,Безумовно так,Скоріше ні,Важко відповісти,1 - Зовсім не довіряю,6,1 - Зовсім не довіряю,6,Важко сказати,Важко сказати,Порошенко,5,Не погоджуюсь,0 - Зовсім неприйнятно,Так
